-- phpMyAdmin SQL Dump
-- version 4.6.5.2
-- https://www.phpmyadmin.net/
--
-- Host: 127.0.0.1
-- Generation Time: May 04, 2017 at 01:32 PM
-- Server version: 10.1.21-MariaDB
-- PHP Version: 5.6.30

SET SQL_MODE = "NO_AUTO_VALUE_ON_ZERO";
SET time_zone = "+00:00";


/*!40101 SET @OLD_CHARACTER_SET_CLIENT=@@CHARACTER_SET_CLIENT */;
/*!40101 SET @OLD_CHARACTER_SET_RESULTS=@@CHARACTER_SET_RESULTS */;
/*!40101 SET @OLD_COLLATION_CONNECTION=@@COLLATION_CONNECTION */;
/*!40101 SET NAMES utf8mb4 */;

--
-- Database: `ehut`
--

-- --------------------------------------------------------

--
-- Table structure for table `admin`
--

CREATE TABLE `admin` (
  `AdminID` varchar(10) NOT NULL,
  `CustomerID` varchar(10) NOT NULL,
  `A_fname` varchar(30) NOT NULL,
  `A_lname` varchar(30) NOT NULL,
  `A_UserName` varchar(8) NOT NULL,
  `A_Password` varchar(8) NOT NULL,
  `A_email` varchar(30) NOT NULL
) ENGINE=InnoDB DEFAULT CHARSET=latin1;

--
-- Dumping data for table `admin`
--

INSERT INTO `admin` (`AdminID`, `CustomerID`, `A_fname`, `A_lname`, `A_UserName`, `A_Password`, `A_email`) VALUES
('AID00001', 'CID00005', 'Deepa', 'Samarasingha', 'Deepa35', 'SDeepa1', 'De21@gmail.com'),
('AID00002', 'CID00013', 'Isuru', 'Weerakoon', '*Isuru*', '123Isu3', 'isuruk@gmail.com'),
('AID00003', 'CID00002', 'Amal', 'Gunasingha', 'Lasantha', 'AML1001', 'Amal11@gmail.com'),
('AID00004', 'CID00003', 'Sumali', 'Samarasingha', '12Sumali', 'sumi0000', 'Sumali23@gmail.com'),
('AID00005', 'CID00007', 'Nuwan', 'Gunawardhana', 'H.NUwan', '45Nu&*', 'Nuwan43@gmail.com');

-- --------------------------------------------------------

--
-- Table structure for table `billinginfo`
--

CREATE TABLE `billinginfo` (
  `OrderID` varchar(10) NOT NULL,
  `BillingID` varchar(10) NOT NULL,
  `BillDate` datetime NOT NULL,
  `CreditCardID` varchar(10) NOT NULL,
  `CreditCardNo` varchar(10) NOT NULL,
  `CreditCardPin` varchar(10) NOT NULL
) ENGINE=InnoDB DEFAULT CHARSET=latin1;

--
-- Dumping data for table `billinginfo`
--

INSERT INTO `billinginfo` (`OrderID`, `BillingID`, `BillDate`, `CreditCardID`, `CreditCardNo`, `CreditCardPin`) VALUES
('ORD00001', 'BLI00001', '2016-11-04 02:11:02', 'CRD1012114', '073330984N', 'H1985'),
('ORD00002', 'BLI00002', '2016-12-04 10:23:30', 'CRD7842190', '072645667N', '1996#1'),
('ORD00003', 'BLI00003', '2017-01-04 10:21:04', 'CRD7755478', '075439957N', '&MLL*G'),
('ORD00004', 'BLI00004', '2017-03-14 04:06:29', 'CRD4868322', '079986384N', '%MAH%'),
('ORD00005', 'BLI00005', '2017-05-02 05:30:16', 'CRD0439422', '070994385N', '****Y/#');

-- --------------------------------------------------------

--
-- Table structure for table `category`
--

CREATE TABLE `category` (
  `CategoryID` varchar(10) NOT NULL,
  `CategoryName` varchar(30) NOT NULL
) ENGINE=InnoDB DEFAULT CHARSET=latin1;

--
-- Dumping data for table `category`
--

INSERT INTO `category` (`CategoryID`, `CategoryName`) VALUES
('C00001', 'Laptops and Notebooks'),
('C00002', 'Smart Phones'),
('C00003', 'Computer Accessories'),
('C00004', 'Mobile Accessories');

-- --------------------------------------------------------

--
-- Table structure for table `customer`
--

CREATE TABLE `customer` (
  `CustomerID` varchar(10) NOT NULL,
  `C_fname` varchar(30) NOT NULL,
  `C_lname` varchar(30) NOT NULL,
  `C_email` varchar(30) NOT NULL,
  `C_ContactNo` int(10) NOT NULL,
  `C_City` varchar(15) NOT NULL
) ENGINE=InnoDB DEFAULT CHARSET=latin1;

--
-- Dumping data for table `customer`
--

INSERT INTO `customer` (`CustomerID`, `C_fname`, `C_lname`, `C_email`, `C_ContactNo`, `C_City`) VALUES
('CID00001', 'Amal', 'Perera', 'amal.p@gmail.com', 754213690, 'Kandy'),
('CID00002', 'Amali', 'Gunasingha', 'amali21@gmail.com', 781234564, 'Ambalangoda'),
('CID00003', 'Sumali', 'Amarasingha', 'sumali23@gmail.com', 745969990, 'Bandarawela'),
('CID00004', 'Maheshi', 'Amarasingha', 'amarasingha33@gmail.com', 754218892, 'Malabe'),
('CID00005', 'Deepa', 'Samarasingha', 'deepa21@gmail.com', 774561238, 'Embilipitiya'),
('CID00006', 'Amal', 'Gunasingha', 'Amal11@gmail.com', 745698523, 'Ambalangoda'),
('CID00007', 'Nuwan', 'Gunawardana', 'nuwan43@gmail.com', 756987422, 'Hambanthota'),
('CID00008', 'Sanduni', 'Amarasinghe', 'samarasinghe@gmail.com', 789654412, 'Kandy'),
('CID00009', 'Chathurika', 'Weerasekara', 'chathu@gmail.com', 756983645, 'Badulla'),
('CID00010', 'Bawani', 'Weerathunga', 'bawani23@gmail.com', 786395462, 'Colombo'),
('CID00011', 'Dasun', 'Gunasinghe', 'dasung@gmail.com', 799856321, 'Malabe'),
('CID00012', 'Kasuni', 'Bamunugama', 'kasuni12@gmail.com', 745698996, 'Kaduwela'),
('CID00013', 'Isuru', 'Weerakoon', 'isuruk@gmail.com', 786954321, 'Homagama'),
('CID00014', 'Ishani', 'Disanayake', 'ishani@gmail.com', 785698321, 'Bandarawela'),
('CID00015', 'Madushanika', 'Kumanayake', 'kmadu3@gmail.com', 723689745, 'Embilitiya');

-- --------------------------------------------------------

--
-- Table structure for table `orders`
--

CREATE TABLE `orders` (
  `CustomerID` varchar(10) NOT NULL,
  `OrderID` varchar(10) NOT NULL,
  `ProductID` varchar(10) NOT NULL
) ENGINE=InnoDB DEFAULT CHARSET=latin1;

--
-- Dumping data for table `orders`
--

INSERT INTO `orders` (`CustomerID`, `OrderID`, `ProductID`) VALUES
('CID00003', 'ORD00001', 'P00028'),
('CID00007', 'ORD00002', 'P00002'),
('CID00005', 'ORD00003', 'P00032'),
('CID00013', 'ORD00004', 'P00011'),
('CID00002', 'ORD00005', 'P00005');

-- --------------------------------------------------------

--
-- Table structure for table `product`
--

CREATE TABLE `product` (
  `ProductID` varchar(10) NOT NULL,
  `CategoryID` varchar(10) NOT NULL,
  `CompanyID` varchar(10) NOT NULL,
  `ProductName` varchar(300) NOT NULL,
  `ProductDescription` varchar(3000) NOT NULL,
  `ProductImage` blob NOT NULL,
  `UnitPrice` float NOT NULL,
  `UnitsInStock` int(10) NOT NULL,
  `QuantityPerUnit` int(10) NOT NULL
) ENGINE=InnoDB DEFAULT CHARSET=latin1;

--
-- Dumping data for table `product`
--

INSERT INTO `product` (`ProductID`, `CategoryID`, `CompanyID`, `ProductName`, `ProductDescription`, `ProductImage`, `UnitPrice`, `UnitsInStock`, `QuantityPerUnit`) VALUES
('P00001', 'C00001', 'S00001', 'Dell XPS 13', 'CPU: Intel Core i3 – i7\r\n\r\n\r\nGraphics: Intel HD Graphics 620 \r\n\r\n\r\nScreen: 13.3-inch FHD (1,920 x 1,080) – QHD+ (3,200 x 1,800) \r\n\r\n\r\nStorage: 128GB – 512GB SSD\r\n', 0x89504e470d0a1a0a0000000d49484452000001e90000015408030000003744340e000002f1504c544547704c3b382f1c1b1604030328261e2220191e1d177c7b7a020201e7e5e114130feeece407070610100d0707060707060b0b09948e7c191816827b6e7670646b655bd6cca43d3c35ded7c6383733777262514f48403f3a42413e57565029292755524a41413f9b937b6e6c666e6d69b3ab987f7c77c7bfadded7c4989181cbc3b1eeebd9aaa494e6e2cef1efdd1c1c1c1515155454541919191011114f4f4f2523242020204a49494444435a5a5a393939392f2c3333332928283f3f3f1108082d2d2d3f34306060601d0f0e050303322724ff92846e6d6dff8474ff8b7c6a26329f373c7628347c7c7c666666ff998d5d2230ffa194ff5e54ffa89e75757595333a822b35ac373c8349375c362cff7d6c683c308b323add9169ba3a3c2b1b19ffd58e3017272a1110ffdc98754235ffca8d955d4bfec780c83d3ed38a64784f4050212ee34844ff7366421d2cffb0a7ee5049da87672006054e2f29febb823a1c1a4a1c18a165503c0d0ad642416e4a3d5b231cf9564eff685d8d553ee78f6bfab674f997704228248355468d372a7c363b523b34b3725d604339692a21c98260febeb15c363efefdfc6b3a40ac6c53d18064ab4232793324ab4242f1906c9549354b3239be7c5bffd19fffe5a5fda883e28669fda176ffdc7d8d8678fdf5eda3563ce79c70b94d39b26041ba47477b4348cd74509e362affaa91c46d63ffbf5a989182fec9bd625a51da7f57fecc6bfff3bdffef928f4b4d898988d75e5be66b67fff6a7a49b8bb65d5aea875cffd556ed9286575048ed807affee7dd45246551108fce5dcc85350f7a669c26344fda950a55454ffb63fba7248ee724cffe368c74f3bbcb4a5fb9544d88c7fd86447c5bfb4efa197fea42dffbc9ed6746ef19760989898e6dbd4d3cbbcefab759d7564fcd6d1c38677fcddc0ffca3fdb9e8efef9d6eee7e5b0a796ae8574edb4a9d3a99dfc8927ecc8bee2b585a7a7a6876458c1988a902010f8b29acea26e761508e9c99bde6a2cf7741add9544c73b21b42010dab6addf4926f63e1cdb220de7b55e0daa5f670000002f74524e530013379f231a2c05a90b44168052916f6116c0fefefe2fa3fed339738be956dde1bf59e1a184cdaedfa8d3b8d45d8739d3a602000090a549444154785eeccfb10900200c00302b5a4110faffb53ee124c90769ef00000000000000000000000000000000000000000000000000000044eeaa7376cfcc3167c4fa71c965b78c5a1a8681388e6e309c5d37ab5062db86be29884321ed162e21f801fce4befb75bc7f937675f8a6c806f9dd5d38ae79fce5e8326f8434c64990c98c99cdd2344d9264bdde4081d51212cc21c1e26c2588dc3fbdef69ab946a913d6682734e0ec001314bf3b44c4a2f011cb8840327bf082257cf9f7bdb2ae79c71471883a109282e3f0c02101d1410590605f2344fca32ec012f012b700a8b20b2b87ef8d869e5a6d0a1437c4713c078bc81130d05578848060b84142213a2c919485014a30390e01f1d88dc3cdebe58159eeef8b0e9084d5a533f45c3e1b19c08e4d06840fea4be28e0e7d2ca4a328269989c29cb04128c0eccfffe87207251dcbd754a39d3be6edb96b35501c309c6f78d0dee88f480fd911d22d021bb8e2b0cf039dc617a5750d653d90a886a2a01b359d575fd5b09225fe498bf6b1c4714c75148e2daf8202021a1c426ad3873d2fdd4457b421c2ccb794168b1e020ac086916e620e2e42e85ed35180d5304b4e98cc15c15a9499362ddb84b91662b81525ad7c8b875edf76366e7d627e91fd8ef7bf3e6c7959ff7deccde62a557dd84f6bdbe16860fc3827ea6c1f670edecfdc5abb3c3a7ebe18eb9b13bac2fc86bc873aa51404355c1c1acea28ca064e912e3a6919569004244e02ce014a02ca82aff836802440959fe90da4efc3db7b034823e85bf4d3d5f1eef1f4f51f667f9024e1182c1414c48e106df1b4dd6e3bed8ee3b41c0bdf92cf31dfa8e68caae05a3510e70ace2cec16cb700ef8af4d027c1260127c6b93a0dc79b0f0a0d26c6dc0451dae31eab51b48abd16e7679f17c3f3c60c25286c2ea2842f97e4412474244e030040e07b2c0711227495a09376b4ddf143842ce31f7c8c8d1d8730d60e0b996c905304e08ee1db5e5bacd82554801509e03fc79b848b7c1c29d32916ee093ac58d21b61148556426c27d351faf1c3c963d8e05e8c0d68cd3527edc304e2e8d3191d63c483821211258709a991207e5bfb798de79c07da710cae578f444962fb420d074937851aa602ebfba585b2a05ea9f46aeb745103de5989c26e5b7c384ed34f4f9e1fc20f96f311b98808754e16039b26ebbbb8bc5dae59703ef809eb055a43e60dc06600c1b7eaeb8943d1583dd30e6c1234ebdd07774bf245bd581954b7e8a2be56c8758ca4a3e928cb2edf9ffc1e1e005a287931a6cecc9899a701aa199b55512ebb0ed7ca03cbe55b431d422300c9444a68032fb80dbc7dab33a06a534013b71a8093e18c81bcde5d2a494d7f7dbfaf9f647382feedfbc45a84db93d35136da9dfe7a0245cd65cd88391ce94276b9aa81cf9cf0cca570b33c1c68e071ece26ca4f05c91493257fa525f1789bf4ff08dba9003ad46fe15506c04360dd8eaab77cb735177a17b6f16290b612e6449f1b7b3f3e314df6427af85bda689320cd78789691aaa56b4668a3e0fbb21315c76de79b1e7c6b1e7e14291c1265631f0d6a815c8555282d3f0c1134962e2227184106d3207bf0920743aed56873e09f22ffe6abfb9bc5292f6bd74af578727d9d67cd766d611913e08fffb3fcbb2dde92f6f54681fdc2222991e0d947032d50bae5786280b99da1ac62d71b68a87815ea0f32226f79835b83189dca515f1e60a6f10735e6bfca2231c3498c1b744a737a897a57dff5019d436678b1a99efe01028e48c7ef0eadd284db3cb678f9f8871feec66d63e380b88f9b7f5664f0716232e400e620f200f87411007711c78012c3c6db11e001b10ab9816b02407debe85ad59d34a41486814d5c2d0aef6ebdf95e6bf933e3dc93619f296e08a6e236056e46351abf3d3f4513afae7e5bf32a44f2b827cc4a0093540467224c2982366bcb72bd00e68d15131da3088511087387be89ec29959336aa9d0b8975be00a066ba2e8644ea2d6afad96e443eb9b1f2bcd1690de62c21c4504c3c877618c05b46f28ea4ff2e4cafc2fc28ddb766f641a70d9b278610e88a3054bf6a58614b40230723e8a877b009ba5c0803dce8a719323678846b4a29309a266da3ae8bedee8375757caf224bbd7ec6ed0452d42c29df80244a813a1e5bae3bfde5da6597a79f1f24f498ddb1266b9286057ecc7bc6459b8bc42d7070815c28cf6f6c0799e159439553609c12b0d5ec1709596ccab5b55610b98277f4fd4441ad5ed85de1bd44a7251df59c127d93a901682eab950d08893a18e9f9d9f66e9a36cbaffe68a496bca7ac20bda76610bd74e9fc9359fd7368e288e1328f46c7c29a5401342ee868624a48620484b35c611a42ba57411f4125464d453286ea005dcad1aaca8388b921043685d2df1827b19241850044d80216010155e70b15d44b0974014434fedb5efc7ec0f55fe0ff63bfb46935d5b974fbeefbd9d71e2db09d929275b3822094b080818241b03458019b4614de24582baf994561e064842c04dbc261ab84bd929d4b87792b464f7abc81aa0373c43b3c63b99b542b83f4453bfbe5767f844399fb23499993dbb607ccbeb9394f67091ad9b463c2dba4dac9936cd06fb346b43d98b284bed4969a8d3b339feef701f0bf54c565ab24f71ef84d2f75574f365cadd4d0f66aec3f902013f7c76740d2af5f8ce0b8f1f18c41824cecf36444c1789f3673a49c31c21b378251227934a6ea924704c899ccdc205136779c81966446c40b3244841e09aef3571902e2c5e7affdd6c909e393b8b2dd9fc7cb25b828df74af30b3c8280308717b59baf5e414fd60bbd56bd8637e2a49de7c924680be244c574ac22a5e274aa16939c8934040ce10a41138b7e92bf485a568b72c10ddb6e0171c3da49cc6c243550d61a6d3d50b6c7a823da3f64a8509f9dcd5dc4960c095fc1204fefadd4c0ce7861806a0b21f464bdfee8f0f3170dbc6350c75a60d49635558ec9cb4c08f9b2e29598c8d84018c32d036ba24dd085ebba89c7535fe20a1b395b3602bf81b06110c628714b1050f635b076065f3d77d9db11f046860af599d9453aceba5a4beb70dce4f3a9669ef7acabf9f12e98babf1e7ed3faba1a17e709d408151132dce88364d84e89c819c8132ad330ac0936918f588b16846889e86b01b72d6dcf64f1d8ce2ca5b5afb4d28ede1afa4a6ae04f17a831f7f107a7b352a86769ef641e497f08014d1968fc97770b6cdb30401176fd9f97ab60eac1debd174c9f1fa45f9911ade0ec0ac86d1c45cb54e3086d8a700219075e89cae5b25b2ec7c09939af26eb77cb9216854d991c5163b54eb1d64a29df574a4b7db43f684bad3d2d9137b27eba38979542fdd6396ac9e6af20647c85aec247b5f770a516556206fabb0cdfd9bfdeeb07a31f7fbe59e01db06467d374dbc81850d3a00b2225846a410062e6c580c5a4974f50892e86be068359bbc2757165f1d5b22081db10116889d2443af081b55447fbbaa87ce9682cdca4462e9795423dc37b27401a00a3a7f11d3affcb8e04d279cf61a040f4b61c8670a2b51e8c5e83a9f9786252d47621ce09b8a9a52b58a5c8c79191c514e48ad109d04b445bac0982eeae01f1968081fe86a24dcd78aa46837c201d7402a5d57028160e8e94e568a5515236a150bf9795e3acc7b98be7cf2369727515a7e6f0e1dead7c61a12e0b06a353c88f467f6e41a10ec69ffd2a19b301cc1f207270896dc690611129269a5a9c64e60a734eb18e6608c39a71c3da05adb9aea0d1e234ee39371ca06c236712400e404af9bd9ed607e15039d247d498c8e7162f9c3e9595968c8fb32ed3df7555c9d3dea39db00979db71f8b4c2c10c7d701cee0efbeb9dd16f646a52fcf21c91161630339e7d420b841da7ea69c5b979d2cdcb956554655afc0be53598366094a969132ee1e62ecd96f6bda22d358306c0dd601074838effbc7f2dd06a301c69612962addda73928d499d93ba196ec32ba1975bf706be578734756b1b5664323d2bc5a3df803d3f7e0f0f6030f2a33814e8b73b720d72539da9d2cc671bd3533aafd3f2f2fe330e27fd3cc81e646b925facd0d1e6ced96c068d945a9edef05710675badd3ea8d3e9f4aff7b50aba3d5f1485aff0a16ee67219f96b84b74f9d83bd132cd4d88a194fef1d6f6e1e16a8143709b4532cde9147834378d1ea76468d6f1f20e4f4f10404b55f80b45c29a5d576d30626ce53427cac84f1d2d2f2d272a2043d69031d5dd9ae6cb7db1518db6db7dd7649e2c99b37f5dddd5009e102cae77e2700d21ff5fbdd4e305c1dfa075a0c0642d8965620ed5d5acc4aa13e75f6718e5ab2684fac50f5fede7cb4f95dbee0389cba6d849ab7c3d5bdf1b0177446b377beb4233b53936da3b8bb069c1580d98ed84e25ea345f54c2783941bb94c8dcfc979fb2b6e1c721b679d004c8375ce0bde687cadfbd7bf7eecb5095dac0b9e3a3a37b9f00eafed6b3500d9435e883f78bb60a7ca52416ea996c98facce3c50bdc9251996e60997eb4d96b419996784258746c3e713ad8aaaf8c86eb9d605cf8a98e90318033ca86059326d4489ab9c69b20897db9b9e211eb3f72ceefb76deb8ae3d8c330ec790f35babdac4007e43140b74543fbd03cb092e285a68924a99df861f00c17914017e8e228b5baad56e1b59cbc044ab22dcdccc5d16a0be3b6422001010c418b33bc192ae412e6a0ce54a0aa92c02276ba0129b43dee9c7b75491386b13f405fde7b79c43c7e727e9230e14b1c79a0ffa68e510677c6ca58b3169e166e14c0ae1557a7faf9763b4f546d6935dbc5d81de7042e61ea8eac3a45a77ec1348ac53397ce144bd0676f0d51a27e0e66272f91443d76877eac3d7a7f7df783c90e24e351f209088c95cf9f814e546d5dec38a666d71f4fbe463c39d24551d0483413ed8e424f9e0d75d8668e1cd11c2a3537f8918acac2cb4a65e0a41b655b357bcaae12ca0a599ea159483a91e0052e6d4a8e21b97547730dbd52385384214a49ab5c8f61a21e0a3dfb9d6f9c7c919006cebf1cbb025f611abb4f1e5cfc37b458f8590f7006c140bb22cbf3e596a1592ed464158a16272128bc51d0083403208f4fc699c87d40394389068499829f8c3ee8c87f09444d355b5708e8b6925790b667e81a90e6049e4f73b263388ee638b669429d66e3eca5521aa244fdd5132b383b213e0da8712e7679d7c92d3d7a9c24a1fb9dc140f37ca12bd7179b86bba3d597dfba7c8ec065832e7a51d28c2113853c00cd8a2b3423be1ce05d9863f7051035d91155f834c54867cc364086004e6ec8db33f534c7891217573d2161a8a66eb89a01f91b927ae1dcb9cad690246ad48995b3a7be8b25d91882c655daad4ff77ffb056469f63108c6e9adbe2ccecfd4cd1dcb5d79f572612d783181073b49888e36c25107664ad10319e30ed1fd5f0de8127b1c459f6804b9f3f1676d70692245f13c602d43f006d29c2c0ba6214bd870e9a66e17ed2276e05b7f3afdc2d024ea9557c8ebac2b847312782fad2fcdecbef1da3ba32c74e3b06b6dab2b8bcde926e63e9893dd583b6610824053ac318ab03eecc21432f9713ce2f1639fa035ceb43d3e9edd8647db80dcfbec23061a302b9e0aae5de5794912044e920d47164d1d03baa6697681e87a2c362c1df5b32b83d909e19c843d7ff757f3bb9f9793975064aa892af4bbbcb358aebb96e53e9ebc5f888c31c160a0196986162d5ccc899998792c6726b4e067c836c09c1dcf82c661e15ec8ce251afb8d7cbbd168b7e1f0aa4a9514681e9096654e52055536c0a5cd840eb86dd2845f588e9d3ef5ad6129c97e187b1113f518e19c4c5e99b9fbfbbdea7e128b6e4cd20433bc9f68a986d47c77c9b46aa5ce9befb9c095a28d54d934464391443be1a82859b840cc642999b92ca1cac438333b3c296922000e0bf782d0db6f0369940fa43db58a159a22cbaac473a2284a7c82337558bc6edb4550a178697812f5574e0c6627481a518f2d3db9bdf7690f9334a668e48c5f02ac353d87772673af6bd64efdfac5fb842d8ea8508c35234d49b2741c84eab940f023acc128e508dd884b87bca302c8286ae1612e7d9c578032acbedfa876bb2a3ab5e75555c298e3459e80e60ccd46d410bdcf3d3cfbc2b78724513f3f989d5c41975e1e4d8e75dec8ed7dd822a4cb0434d1858adf4d08f31b15b76695f6de7caa01568a3964cd865d8c642aaa23253430264704ed310e1cc28593290d629e0d3bdd1a01971e1901d0bd7ea3e512d255199c1b13b5690a926026789337744cd400fa42a1f00b4cd4c35392e1ece40ebcd100d2a36333ffccedf965a8c758e806c1db84625f36f8fad59c5bab595093dd9a0a4bad0037820e7df7306bb0c37c1c82ce46527214f351215ba6898989783c018ac7e36053e6fce52f1a6df0e94f7a3ddfafd8868c031435efc99224824f8b4202dc5ae01034f5e9620513f537872551b3920c63f7320cbc7f9aebf492e8d10168486953532ddf308dc58d8a8d35d9bbffb0663316994bd2aa6b7051d200137780945a91fa39acc2028eb8e8c5c4ac418c8e90a6a8398ec0c65fc87a6167691f58834bfbbd52d730304bab794545d29c24f2bc248a82699aae8d7dd654d12dfde1e4e9ef3ff3f5e1200db3931f90920c39c3ac24792337df1ba51e5d06ca401af3f194db70cc44f35a4eab5976e7edbfdfa2a053b8526811d1281d00058b01861552659043a611a5b30150b828d7903110c50542d89432ee6c76229158fbd74cbfdddfef359a255fed2aaa2a4b5ebe0a375e902501880bbcc19be0d3b08ab6ebc2e81b12f59094647f3c7bea7b90a8a94f23e9dbd37ef9fca0182bda007aaa08a4b5866f9ac6f4c6835ac6aa3f9cfc6b0a10c3c5849c59ec660819705a52455df69033330556e0b418a0f1a08ecbc4888309ffc4606727eef63fa97f79736d6da9def7fd52bdab543d5ef464194843aa9655ecb6441e9c1adb2c8da036ddebc395a8f1cf0ade4982962159371f4cee63f01e7c98574461f5e555cdf78dced55c2d93d1567ef2340d58511ac08d165e471a25ca97910c4b667a312fc61b1e91008d1b85a44311ceb0e261a29e10954f3fffa87eebd1070707b98adfdbacfb79f51ef74451aa79a8c9540fb62a63b7c59b2619a060b2d6dcc72763c392a89f83d9c94b10bedf26b5f7e872b272637a065f3d13ce20046d43c1d5555abad97a756335034efdf25bf780a9063b5a7ea1b9c0a8b2041b889951a599984569b23b634d36da2173444d1f3c81321ba276dffbf0e9eacddcc1e6e6e6eb9e62dcbabbee41aeae56ab1e2ccf93041124f00983c006d95bb1d8a967be363cb3132cc992a051607de9bde91992a6cb409a8226a85b8aafebe6fcb583d954c67de5eacfb204ab4eeb2d8d6c061a88a68ff00ca9a27d3425235cdc0c6c028e0439b8434aa0e28c779cc6f5f4762f9f1fe974967acaef9e6ede5cbb7db0f367cb6bb8c6faba0aa4bd2acaf3708622cb12cf7122c7fcbaf830363c897ae57450928de25f1e284d2f6e91f71a01694d03d2ee886fe8efd7af6e7c9949ed747ef4eb7b83ce499f8b94d9003a4290e5dd347b16b20e21c761c5f1a0f4185b3e1447164042034481a301a027783f9fef371b7eef377ff9dbceeaeae6eafd9f6f3fea698eb88ba491331c9e8aa82581e712bc80a47524bd1c3b392ca3efe783928c76d4c9e6c569245d06ce2824ad5bd6acdeebb54cdd58bcb69649fda7f9f2f48f171033f4c4543ae9ad9034a20ea270a488061198881a3718b0ff47ced93db5715e61fca633995ef6a2d33693f622d7997199e2c469c7c11dc8568bc82c6b156a40f9d260888b898841320e91630c0413852646f1e0022eb2914172549ca1bb13b9eb1d5b1b6ce3bade56ce7a7084c40e91e4a5c67c191b88af7ade8f5d8766fa17e8683f248d2c33f3d3739e73cebb12c0a54e6cc33b25cd59a0f9841b6911b54888328b7753da8cc3ed9f41a93b85cab0c52bd7566fdcb871fd8dc181a8264850870dc35a358006bf4656ed77006af4960caecb3451e97a318f8cfa77684ab6fd4fcef2727ce958f2e31ea269d3a643d0432b6f09fa424e16e59477f9e1c67eed9ef7088bcbe9269f4fdced03e074d685dd988c366892c5f7e1664d3c4cfee465009fc5e5b5e9c42c458d0f36d661acafaf1b5914ebb02f7200d9f4675fb51b4d3ce7fe3d377db82f930a06975a6e5e5b5b5d3df78692cbbe236989e80c624c6803693f0a370fac65323fd1146741be18f5534f7ff60a9a9d3cdf1c7096a2df97289b48b5d54d209f268393d7704976e99020e572aaa8256a2f3f7ad8d494f14cb5a0342dfe9f120bf3b24c159f2c67b558d31ada6aa428691b468ff76ac6b893535559b2d964084952f56c36c1d848b1e6930c748dc97a664f3277b8aff344f7997df1f095f3e7afdcae1fd57389b424b941eebd08742ff04635389aa2b00c2799159912b8f862be2c72fc006627b09cb5eb976f871467295c80d0b5d0537bb5122d4b07acda5b512e095222a76b0288fafe2310f5473df5d5bb7dc47d6123c64b3123a0a6bf3e09c4d274600c1e760a195b327a05ddad57b9e7ee006496ba33fe8cc81240e4903dfbb8e9fffc737a3d79b06e4fe7fd31d8fad75e8da707befabcfeeb7d114355a333c662144186bd17a76f6cd3c8a7195a7c2b42e858de1835cc4e60396bfbaee7df2c0d95bbde2eefaac81cf4d65538ed38acfcbd5f7024f49c2c88303db9ff70fff564eb12bf9b2a93ca93069953723c0a5a4c91132db2c893102c7d02bdd481c23c3bdcb0a3815674cee079f3091e6ee8c44852ce707309968f4fa78223fdc1e0e4c8f8daf8e4e4f8f973e3eafc8adf98ce46520ba9c9c4f45c7c0628938813d2fe284edf0c366a511394aefce9a8714906a41b9c01bbc7e569a88ca95e2c6a4bd348d2972e251cea822e8e0f767b971f6d34458e1ede6b155ee691dec1d205449835a56ceadb7c4cd333f564441b6d9c8913dd18ff9c9bc14f62dcbc151ccabf7a6e3d7350cf4d4d8e8f5f3977a4e5c8f953a7ea5bfa63a9d3e3f0ddbcd1d14f3e8964d70d0279181f30ea681450c39b21d428447102483f931f1df5b39ffd1e7d3b6bdb9b90caca4a2bca3da56aa737668e4ee09b6ed8a7854372424a2dc8a2a85681a837c5bf424de623649f04715d4c9a1223acb7aa1aceb42786ddcae0943b69a5b0e4e7b28dd8c0ad120dbf801afd053dd9d539b5b4b4b676eed4115ba3ad7eafcd96585f4f7d387afcfed8e88dd171216cccd0c44d78934ecb0d191ca770e4fb803a72b1205f8cfae9e7a024838e7a9b3350d1e57556784a7e1c699db86a691a026b1a48ab195d14d98ed6fb8f369bea5afbc33eda2359018f286950270d1ee3e64de444e898d793e1178a27d009509b314dde8eb65e649c02411bb5dbfddfe49626c7bfac6f6169a5207cb862ac2f4c4d0683ef04ce4c2a1716e7606a82d44c8d1a020b1b776ce813c521b73e5650f8f3a7f3a62443b393974b1b4a039ee2f29eb2b399b6aa189e9c84e0f65a485050a3a526243903a2b675b75e7ef4ed66a4794f0b5631c1854959d8503ac6560b1b0922710862ba9659131fc7f4b776d10c3fe7b7d13c40a48e1b6912b87a7ffc787e250cff23ac629116ee5f23d7ae24eee446c6baf513c16030b66fc530a0c522a809e428daf1a8cc917070c8ac2fd51614e489513f05cb595092edfc4d57b9a7ababa84c680a65eabc75212a69ead3ca2141576535a3caec6055ebfd6f379bce7a1f738d16e9efaa926128691284b6059d3c430b36e2c2e6c7604b49168d3be823fa148a30ef08c3117f30c2f5f3038b5f25123c478a769b347feeda95d32b2bfdba7e26181889a9f36a7686b658301485402d35bc1599c460bfe6a4249006a3ce8f920ccf4e761ef594143bbd01415122c9e6aa08900e61d0664da6a9b29c4a0d565777bb9641d4575d532d8d96a81161cb75cdeceda637c04851c3d914b5a550868899b5120209c3602d73b69c9a9c390cb69a6560b1f2d3f995458e457f45a3ed1fb3ab6b776fb6acc4173a4f044746f47935678096b1aa1169a8c76073809e513878098e52a4b0108c3a4f4ab2570ad17256f3ebc5de8a06af1db0deeb689b88215153ce90bd052a6a4d6c1cfca015482b6ff6b4b0d8a7116b59c69592859a23a821286b2a6a4a9ae709676ad524235b4334ecc586bf91ced8e8ca076b5936be675e4676e1fdd3ba2e5523afbe36bbba7af7d6ddc7e9cce5be13c133afaee8b9ac61cc60d4801928d33f894133325113de12343176317f8cfa393c3bd9fe51b9c75956610f819223c9aaa391d01f2c4dbf059216f66bba2465ba455fe3c7aee56f3737aa5c8fc3a4d40654b2286fe1c650d2b09984bf73071b35654d15cbd2219a55a819ee6a4c1407d06621da192b48a98607ad9fbebf6f61416205e1f6ecad5bd7666fdd5d49f6f405472fdcdebbb898cd1aa065400de6ec0645a36b116063f1e024a284028ad6515808469d2fb3935f4347bddde56d286e50a0fe0a09c97bde1aad222490cc8d6764429390d3653519b9be5bac6d7db4b9693f10dc4b31c14123a4ad0c8c0d78ab9451d033454d32383d13a8f43d18d658ac26cf13ded41586980166801b30fb341b69dea5c10fd56c4693d60e1f9efdfbeccd7d7b4ef44f4d7e590f463eb088af3889036a945cfc7ecec15537b28c88502b4acc6e0f9d2d2c78e9991fe6d172d6aee74b5cae92128f13b18e24fb3c07636d814b4a08630649036a39a74ac98342932f82447de8e5b67ade66ce2eb541ecb4166c82dadc895123895bc449bd4d838a9a0459e688ba6db4b1a6fd1b489a8cd4f08d61db6d6c3b3a300c7a2875bcbb349f59d8d3179c9d9dea4bc5e747f4cfd3274fee3d198dc7016fbc37ce331c29fd395194659186a64c1416ec00a3ce8f920c7f3b6be7af4a8a4a3c452e7b00e01edcd376540b782b944be826e02f2337893970ea8e91fdeff96a5a1f6e6ed61c58fbca1c5373b24804b885b439fca6234f1a54db4fc6a554bb9434f56ac381adc1e48fe90f71fc001f86e0116a1a0820ef5f68bd5c53954caff4371f9e5d3d3e3f6cac4031064d563a3b134f7336f7ccf00c833e3af0ffba79519025600d6e2d4a4ce462e10b3f7b3a7f6627db6191a3a4a4a4a8d8056bd44a53a4a3c65b3b58d9665704c08cb7f7449f965199837d3736768fba9637378f1f38b1d7019c384a9a634dd6e6aa85859ac167a2edefb3c6a8a9a8ad14be9ef5d14774d18ba81740f36147380cffa61d723c163a0f69f95e91d7ebfa265d7f6a3eb976666c3e9d862bc8e6547d269b308cf449c6c6c77ba31ccb92ae4e1604155d0b1c0bd863dad5aa82c2977e912725d9dff072d636205ddce02a2e6db0078448cdbb9e3aa1120a7005572f4d90e97cbe544a526b3a379aaed7b4424de6f11ef153e5f2b28881b16650b85690a908ffc4becd0e7a0b69daa0b31059037b3329bf21da6dedc8a53167d8b0a887c8e2170ffefb6ec981be2f868daf6fdd3ab7b434359f3666c09b139aa625fcd968baa5bad1313cec30af5d91b14bc742e8e748af569417e489513f456727bbb623d265a56da5953ddeb2585dd5b1a3dd302783a56a01b3167da24f5e50b989cbc737764fbaee6f6ef61d983ac9f3c486d5808ca79cffbb6cc17d3f78883095341e82d06b494cd2a8c4e6b8c5191e1b301832113b799a07d4681be0487b3d043bef88663f286a8bc57b8d959b0feedeba797ade48afa47b877545d1dcfeacc37db25d14fdbd7edc2270094e9244451340d2a1c0987dacec85821d3ff9511ecd4e80b4aba1d8630f052a5d9e327ba4e68fc7aa2201672050d61300cad7a1bdf2d9f494a4799741d46d20eae3459d6fb80133a07627ba14324c36415b0b97f86805a645234c4e98a795bd812bf08317196e860f734390a46dede8d6ce0e41d5cd61ce7000d448e40cbc36ec887f51746059ef1dce2daddd7d00717d9fae1bbdd381902639b2869ff3b75c6892d08f24a090254992354d41bf5368afe8aca8dc51b0234f8cfad92fd072d6ce9dafbb3c9eb65267c8d9e02a5584eedac3cdb55ac0190a55960504915c04c6e5c0a92f8f6dbc3702a2def0b43e8e3a48f8273a136e848d21610125274bcc44c314303a0338b863956454d3c0f0a7591bc70d2049931bcad5801ae44c648d933e62cf87a3777e5b74a04dc81afbc646d61e3c58ddb87163349bcdea310da026a2339cfbf3bd17e4685c22979a6892acca11057e19afd30eac979b0b5e00a3ce8f92ec2f05bbd0e87b1b9435ded7cb02217b85b3b2aea3a7a3b92e76d9a9042acabc019f321161c5b30bba24d7b681a8bdad387dffd9cd13d2c93eddaab2e8ba85634b8aa654a990c3143a3e0fe0244d44dd0e778640a803598301ae03909fdbdb6d43ec1098347085e29be3ff4bde19f5b66d5d711c7be827d80614d8db80612f7958b0040dba2d446666a8230fd9a08a7666ad1d34d7d9520f4ae488e6c622691c790a7361b8222dd8b00dd8a095d2dcd820106c98806a48d65c6f06111a8c38d495a8aa4168abb045244e64cb79ebb9974efb217444dd0b49865f7ef8ffcfb9f74a870b243065f21fa35a99eba0dfaecf4fdc551afb3bad662aa5c8b5aa9bf3a29609aa4617adcae4ad716bd585ae0ef80bfde68a6dda7a460a24243d9066f853a7ceb6c7d6f76b27c8dec9e9c12b910b6c47473c9c294a5d5da1dd3ef1caf08d757ca42570423e23f0bf7b3f625a66a7cd37ae7e908a1d40f52d5e76fdad11e43035747c10710c1148e374bc0033218c079ffc45ff05d1b50f1da3262e0d9a866a1a4bd7ab9760c4a867f0055cb17503fb29fc36d0f687a057aa6e8f88dcf0d6a8c33794c6c1f347fba9c49cb3bd3aeb4effdeb320d04acecdcdfce7666535ba9487dd02db346ddb5675e83ac948e970483873f26cbb246a52929d3e9fb8138fd3f178475720208584e1db23c23f2e0d498c08f6cdc698c53c10eff16ad73af542f3e82a64ea16cbbd289711c2a44d760cf97b2324168e57531e99f11bf0c0e1e1bfc1f483bec2813a16f5c519821a97d89d205eccb05ec7bcb1748969fb513a9e50a98420341c5691670bceec83eb0daed13c7afebfbb4663be066758eea26d2f592ed2906b2f05a73673b0fd1d5cb4f5ee2201adae4b5986c9a6c3c2b9b649d43f59f68fb304f517549ca2e90ba0e38010bb375610fb2e25ef71ac1060698a0f484c8277acbde9f1be42eb0339d600fb5e9bf8d9a7875a34a83de928acc00c70f170cc19c1235ac217e14dd020fc3968314ae8fb5a2759176c1a2765f0692c5bcf0351e38990f54a70015c7862fa25efee907a2de77951ad5eee9553716a70ebc1172f9a8da7cde7f7b3f71fce07147b76d4ecd633c5c5152baa21d3b482f70d7714d7e3a62a49aa6aebba1e62c24c3a9b1d196e9b44fde313bf252519bb968cc4689a0a14c3e4171c6a7fa1a7f74af95d5ee0a8081b8b308264a8dea1f3379b6d1c0db085a326257ef8097d7e4f43e80ac7053cac6a82d623133a8e281137cc9da42741de980625920f7cad1327fe0da0c6ac6f11a306d97a87750ff3f5e001413803324c5b4b1604514919f9fc66365e48a405fa4ef5cf0ff79bade6cb96a35eae9aa6595c5a7514dc3e742518cdad808557ae1b363ee8b02d0b96d12ab96d43581499ac280e9e823b8fb74d49f64b28c9d8f4cd3e8aa229b62849a4c18fdac7eedeb9fd8361a68b82a536232dc14e59d0dbfbf8ad7eae4932753cf6ff655885ef562af7384e78a6f99cfddd6d02da274a06d47975a035801b4e1e9875ada2e1203fcef088934342c6b2c6d714c442a9f4f59606a31f0895b4eaf8263accba085ecc35948492920d23118b2744519e4bbef7af9dfde6d1ce865d96dfabdba6f6b96939a069c90e222d076598e94dd6f47ac55ab42a3925100aa80eeefe1c7eca6485c2fb6f9c6a9344fdbd9ffa25d97951fd381e89472261299d2902eea27389bf3d58fe35c5b1319a11c47c4048e48266ffc6345f20a216e9b9cb67689afea4fea4377de38f000e11d81e010e8849906f01781b03b821a021a75276edc0f0c0c67d3b8efaca86644d58cfc030e58bbab685167ccc681255574b4673da0d25ab5ad511e584a018725ee65956e8e50dcd7df168a7f5f2e8b307b38745cbb54d77f6714ded96321953b35cab98d1bb5564e9ae16d58bae25c12a7a5df76fbb238c8c08857327cf42a26e8be3ac6538ce02d2fcd0f81ccb47a878a88b21e797f613b6effbbd1327e944868bd1824051dc6e746568fe0f6aa48145ddfc79e1f2bf693a469fdbbd31569eb7b046d177a2269435704fd8abd8fc0be66cc8d0fdc6541b8a3c8d3422686cce518c1aaa6a0cfa16ced30b53d771f5b5fd3a76ec4934a969d5ead426d8b5ac28b559af993052a29237f23df1949c16f9e5d1fafea39d97473b1f56bf9add76916dbbaba33509245dcc21cbcd4152962417a966b0e22a9bc80c272045eb497d3db92e14ba041e4ab27649d4cb6f93928c4f5fdbe8a12214cd5e00d2d04a3563ee72fdbb3dcb9f26f2e10e3a1ea345e6ddbdceb5b18fdeea893507b8428b8dfdf5d9af682a46c7585e98f3d0b7691a910029af2ce59b10b813b721cbefc095725425d57d0072c3ba06c4af02a43c0341144dc4fcc5f6eb5a893843b57213d6c9b22c1b29d9d51b69c348a58c4d7950c8cbe9c6eee7eefafc973b47cf1f4e4d4e7e5545d64a0e93ced8aa54b4a216bcb66d3d60d66baaa9d51829570b338c286693fa985ecef2bc2040a27ef347ed52929d8492ec342f4e4c6fc629b683e2430ca4ea1131e3f4f2e57fded9ebe5a410146b91d0d544320769716909bc5b8929095afcd30f41d420f642a1ff591437ddcd61cc9ee759d3b027f5f726202690e18939837b671c1814455973316b2ff86a8d8c4b31dfba5fd5605fef6d553504a05773ad810db00428c2de6926f8842187d2a9fcfd353995e6fa1e2325bd3ef1df473b9f5d2f95aa556d3cbfa8cd3e76166d55552de4a21c5e54498eeba8b5685278fa911b66c2a2208c0c8d0dad0f652f14f8c1336fbcd91e89fab513df9077f63f6ddc791ed74aab5bed8fabde4ad1dede4a2769b5527f69b70f499426717ac0f594e4eeba0fa19e4c5257d3c151e8ee3699f18ce798db04cc8019680b9e649ac43189b18b5dd3c400bba5d8b46082c1193bf62c10b4c5b1b15bf324dbe0072024f9e93e5fd3ee3fc1c79ef1802d61e9c5fbf3f89d19186781fb36158c17155755150f9def5368c149ad742f46b2cdbc31f7aa866780f4c92bc2502e98b7274e8f50f91d2e60a9e2161ebc58add1508cc8f29d3333376762cef7ef8c4e9f725bd03d70b62210993fd9a5fc09c20cbfb5583c1e37caa8dc968728659b5b0739ef9a0ded76f50c3e7baee3ce7ae2f144320931fac28e6d14f48c58ab0e098234fcab58643bb873e96fb78d81a05c55ffccbfd8d70889dbdc7c64fbe1ed6fe0c61b1e9865ad2fdd19f54c9fba32925af540a08e9d0a8cac4f8b43da16511c32774e4fc787d8007fe8d747f7c819f3bb29d9919a801c732972154170550c8c2ce1bc8eb73c7102cf62995b2f5453206ab42e251bcbe78db1d324b1e3a6045ed379e30072df409a138da958cc65718db8f3050925c70ef57315e918491aed2c708b1444bb6b240f6f23589ea56447c7f7a877f786ef40dfb90ed1b9b891fafbc4ed3b912ddf8c0b3cb6c3311e0da9e376c91171474e54b111873bf7cd681e0f6aab988fbebcbf186aac33d435aaf7ee3dda079514b09e816116f8eedada91c472c233b39490f95a4f826f31b6f0e249add108aaeee5b9d7f64ca0de4dc98e1c0bf0899bea693b0ba11a8a2df1cc954f2426dbccd6dfc5973f6350020ea661bb9c85bcf932f8ef2d8e1734fc3b9f5194a69ae2388267c911a1b3d392af1584538011b96c0bd08507d2f25b968a5d0131dfefbce246a8f3f94f3c9ecb1d73bb61dab63e87648d340da0c140cdc9b58dc7b7af42b26e161c90b83ba2a1d0549fdf25bc75b67b830848b8a7cb2c8a761297495e27a199a55a3c57daba39914335f3c32b9ef71f3d8ec5a074d69a8d59f34c4a2b8a81a1446fafb985076b99364e8303e789037b26507ffbfb575e859c4ce4ea475dbed3574ef2083545b012cfc9319c8bff145b8be54596816a5b14258f5090cc5fdd23f2794e62b8cd0c1b603882220886a3f84073bd33e29604000976a2b277c0c35d393c61a9fcfe2d77f0e208446a4980643aefbe09ad2f34a5b27dba5ec9c90cbb924e02e9e4a3dbc9b36ba9cffff3a65b901d91716f341a9aedf32f3a3ce9417ffbf13f7da677074d04cfd04e5aeb2a3d79f2a43cbd3cb5b3e54de6ce7850c71305ea99d1a1332d7c2273b23795d29f3cc9b6c41243462d8facd7a8071ba28f1e38f4f39fec99154610a8b1001bbbe9bdea3d718645f2ad02dc84e4c9f058ee23f9c65d8aaf85ff00e69313114ba150305f15b87c80c7f9603b1f10250e891af5d2445e1e1f4761f82dd88141c4466a760b021c0abb3fa0695357d7276e51008f6e11dc5e10335853d3a4c16a6db48103074903683038c77db2b4599c19b70892e050a32bd168d4df375b6e1c0887878bb9ae003f42323a86c664a7af0ca455f3425f694bed58865be8401935138ba57e373a72920f4c275a8ec71e7ac4e3c7c511a376e838700eb06f0ee987f4d3fade43070e41a0de1bbd934a4a46e739738fd7e70bd69e6401f3ae5565325c3c87651ebc5ecdbe758a8016da1fb6844241f28c0702122be1c6670d8832c500690a488b4204b9d91302b03d8100838c11f25a01d909f413420db2be6677bbc1afc34754948b75dc993318eaea0c06008d62345274fac347be79df4e6961c9e31624598da214dbdfb752ee1e03de63c3be133c8bd1ba1a86216527902e073d6ba1f2963a874843736474d4f37069c933c47352427f3c95f14c63242e4af18f78bc821aaba0eefdf895a37b2450ffea8b7f47e3acd7dc016dcf4d9fefb4136e5d0aae7ad78e6486f8f85d7eed3153cd5f392551cc959ded02a00e5a3891e7717bff2da8b3288a432ebc8ae525795c18b9e79644a9563881b48c840d711b9147fb5348efc8835b5c67db47206103ecdb112bd4471dd6abbecb5eafe13a1cc379366974d18a39c567f0dd53cb9b6ba911b71041a443febe72687876766a2534383ca96aedb2ee259dd66e77dedf9cddd40f3d6e2c6f45e65687e4bfc6963c30664dcc2c695b8e73bcc7cc27529e99e9377b7929f701f726cbc3b747aa6ed60fb51e38b84702f52fbf7d0375c95e150a7cecb2ef6a9372e224cffe03f597290c8bd3d9810c55ad6144b6baaaf014a1ae758a019117a5b535866341ce206c02de97e5885b1600b42448273c92047091d50a287823cea074f75b10ba61739ded8979ee4d43450465af571d4737b9b3b87a7a6233d0fe04cf9db6ed28eb369fc3a194cb8dc584db3215f2474363fdb3e1f04ae3607fe3f5ee4597da14d4bd4c3b2fe948327b5fdfde0b717a67677d751aee450c693764dba3a32dc74996eb4cf01f2d8d9ab518de2265da389e65f9e3180baa1e6a1efae8e0c13d12a87ff12d5a61f4ea7ec91d30db6e0269557e932198ef3cf8cbb79ab9ec5de65afaa7f0032aac353b4ff3805a9001342eddbf612c4822cbf22cc7122c2f3b83aaa5a25f77ada58b2c54640c980591172c08f3894a552d402e0de13ae83d9f88e512094f64079a2c0e7844de76785d9188ea55556ba3a2589b142532ae4495d2d43bcbe6f9c57068aadb3fbbe80f8507d31393b3e16b42d0697a9126e997759853c67a8c6b7da5edadf5d52ba90f1fc540d39ee9d4ef3c27dfa3397d0233a51ee22cff5ef35033cec1d7050b00eae6e6a10614a87fb82796023f7fab929289db81e685cb579b7c8af7cc71a68afa4ed5af677026cbe30ff6911ca465a74e32ee27dbf97c216fd7f222a9158a0fd80038425451f32ccfcbea7acf893c68170560a3e88603b720026a5e74efe6de0e87008ab7a0b2e9edadca8b501050930538c3cee2387f39b20d3dd40bd1e86900ad0615c8c3feac6c3616d7fbfd8bd13ef0e0a195d9f0c0b995d9b17322279974353a1a7bb1c61524aff56ef8cbdbf792ab89d5db1d1ef3bae778dcf3d5e810ff1e81cbda8fcda3599ae5b1219ec438049a833df326907efdc0a1a37b63c8012919f44ef6d396027fb6a7c776556972d5d6a2027ad73ecb50d9ac092b16ddd2498e3dc512db4ff3f97c62d52869255cdad8d78a7232966380373cecf684bd500be1182ae9f397f2160b12b488708bc877237d4b10c411740161460a6f112c801a81067b3be2eab908138c3fccf74ffa94cfed1690343cd55274a1f84e78656525b408613ae48783f0d8a6c830a61a1ac3301deeb54b2d1b7de5a7deebc96f263a96a6a7d7cd628b6774468ff30cc19be39d335d7a9a2148ac3ecb557c10e2cdd1bdbd1f1f387af85ff6c8380ba564fb5fb3e4039dd61e5b53c967751e07d6df917e3dd74cff17cd5d4b6fc802510d520f3cddce5b56271e9b653d2e3992b738e4b8590e7166d966b753ce0bc2b5843bf2f6e584e846115a122bb81164114c8203016d329a5b8c036d418ea8aaa2c26e1c54bce55ab8e9fadf0be7de69f4a9d0665383111fc0569595cd46c3641491be7163a53cbb32eb1f0b3fbb240ab29dacc171d9ab65c5b5fe959d9dab131f3e5a8fd9875209bbfcb0e37d3dcb9a08ce9eeabaf9d57f90048367f4b7088e45a4e18b93aca9b7f5e8c1c310a8f744efe48d03a877226f07b4d61eab0de2a3cd28d69ed92db634d5b7524c4386c67249bdf19a09955e206afbe3643a99c8c54569a348731cc3b00c22cd73a4ebb4cbe90e6c14b142c497c23811fc35b86ea464c4195ebe072d575c79c563cb96a0a20266154c51e030e8bd399aac5394dfaa41785b9d8a4e4d293edfd4e2ec94c1b0b87823ddbf528e9600f5e058d8e590b5386dc2bd3e3b4b64bb43e51d6b1aeeb5d2250f79ccda16fd7a8719fbc884d3a20bd60a76793013b6acffe2630a38c393a1f524f3c107470f1cde1381fac73f7b1e9d300f29d90e64dfd60583528202d7ced79e39c912405af371ae97cd65297ca0d8b9b966a2585dfe69debd9c1e48af2ee5b08050cc82f34626c2c691676dedd782c2c64046dc52db318a87f02cb2a06d019186add214970504d981505f715c9141b7bba8c7d5f188daa46c6d77d55d5ff795003b7c4c8d4e4527fba251a5310c8ebbafffdd0febcab3d1d24eb90c69f85877906569dc84fbe65d5af6bd8da9a7a5ba24dc41292192d35a9625531d1ed288d1bd8c9c7a38a2ff6a04cfe6f4b90314b76bef61c6cc07c4b1570eef8d40fd83e7ff825618edc776dc814ec382617e073a550b32a086260aac2daa7a6e996dc8d1742ebd511a8c733cc33fdd76a78ac581f4c4b21808a496035c85b320b1222f9e6d246bee2f9cbfbe0629595703c74a169e6151a0de75de9280a40c4f30d9623f61b738ae589c41a753455a562ac2de89c4667c8d6b2e87fa47d5ee0c2a405a999f9a8c4efa17171767cfbdd33db5323505925e2987fcfee1353bced2355adfbc9d0c3a53933b8a616262663da1c5b57a8ca2731d311a2719fc4fecb594c7eef96a2497d13f004d131cc3215f549f31522fbeb23702f58f7ef4ab2f2a2999696b2ba0054d372af3069be1b2c4c3226089275e225efb166713f5045f1cd8ecce503cc36c3f752752c51be9db39490ad857c9008ad29c28898218b85f2753c6bab3c5a2902fd9e20427492c1850de75da2d820c6e5b96ed16bb2ccb405bb63b1cd0f900a0607f567eab58dc3797e620ebbeb9716d5cb538db5df37d7d7d53d1e8d4b9f9d910a0eeee0f851643fdd1f20a88da1f1e1e0c3fd39a74977cbe4b58f05af1faba75e2ef0d34496ab524a9e7296c74bd9ea0318ca6cda9a5c4b4e7ab47b9e5af6b90a60136477178afd1dc76e8e8e19fff786ff44e2a2b8c8eb9b70b6c0c468751c5606bb25ee379e9b87486c4b0aabb71acdeccb0f181c1fe0d826309e89ec8b96471e07642d00602ab1994e130550c0ac3acdde6a42c869eb51bd7ec255b4e47f03ccb98181130cb12c4660136197003703870a80e7871006755ad803e7d5a759bd70daad7e6fb836a48d92d3eafda37e60f87a3b37d865279d1dfdd1feeee838a7ab6f1b202a417c363601b2c13545c5e277b7760e046722213a05982c0b418398451f8fa2866a24d0d3968eaaec2d5fd1f64be99d0131ad0347c86a368b221153f76f4f0bffd604fa4640fde3870045232e1698132ce2dd44d2a3071b8da646478496c21b538872d6354a29931e5d2ddcfda289e40d9776771616d60c3ae950289559a433c19e49b45497111a26de1ecf5e2f971df1aac2267c109985851e245bb2c22c088b2b605891b91b683a283a86e46a28e9e562d2eab2d3aae4059bf3eeadb7045a3befeb1b1701892b2f972792cfd617aa0db3f36182aaf4cd5bdd3370b2a1f1b1cf337c05f752976ea8df4c0f564f2a21dbfa4652816c38d432c51ef2175583c753b577569fdef5fff45d7f6f5d7eb468c211813cd40e38f60ccfa63070f1ffda73d31ce7a1e8db3f6ef279fe6397add6a3044e70dd6abcafc2582175bda30860b64b22c996139fac140ff460d4801b26f0122e8daf54e515bd0a79b39d4252344246a5ef5f1547ba3d7503caffaac5f22d22cc368718a319124436bb5b48916310c2701b43d88485b2c11201d71f940d38aeaf35d8d027320bee4d976354e46fb0787dff587bb1b27a7a61a2b97871c03d28b21186186bbcf358640d57effc6155501f72065d2e974f2518ca9a62f0dd11492753c67aa22344c3c71abad33f6e97aeed6677ffbe2b9c777f62de31461fae06ed668cc369bf61f3c74f8177b23258371d60bfb2125db0e10b939ab617ede3a67bba0cce3546008677554a021574f75c6098da978a33ffe7235344fb605b190b79c7506c482548c0369962778945bf34e9b4c39cff518ea625ec5fa1c6846a77be965bae1b9652d689b20089da9a1d94460001bc7b53289cbed975d76f97e71e13e8007277ed5d6586775c8667dd06b814bb337760f0f7687c17f27df3d57974e0f0c0c8f85c17b770f42a76cb1efdcbbdd284d1bcbb2e2fdd4253131d89d4c4f24e8d71808cd5039e0a9d58907add5d535f17a8daebec1dc91ca2ee75ebf7b6b69e2eb0682a04ccb13b08ad5c8988e1e3df6f31fed9571d60bafeeafd97a5a2032d717ac93f3b639ab72e18f4a4d3589eb301667e3598e4fb471447df1ddc15b2f5743a0ce4b814061b35de20385b52f380ea4cbb112786fded9a4d5088de7db6fac794b8ddfeeafd6016a1d81ed4bba44c6d496cdb6816b6d886be923fbdbf45abcb5a635be96c0c4fbc52e92a649a79db4bbe68b6b8e60bb508a4e85ba87bb07016d18a40bbbd959bf7fd10fb61842572a9aed9b0d85facff5fb070736f02fbf4ec7c96bcf56a6a09a5e8ed7f3149da967b2895c2ab994cd2e2f659adb34d5baecaa9966aa744ceb5d9a0063b2b98e47ab19923e7cf01804ea3d9392ed7fd5f2649bc85eb75aa3f336c3a73ee58212acd2b4d1184b72580ea39a53344169cf0d0c7f7b9403d282c8051245672110587b80242df128508bbc180cca76413e6fa8bb1cf16ee03acc0116bcdf7c49a675746e6209a45dbf9a749a5a8d1b2e59abc5dbc84bf5b81c0c3a6452b6c38b23528a44a726c7d5bea93ef0dae1c1c1e1b0df1f1e0bfb67cb505601e2c5f06018841c9a9daa14d57d8dc981778afb6e27d77b2e37597b128f6edf69e735a65cca1cd36b084c1f4fa1dbebc4a0e9a3f978669486d06c62080d056f99082633f1bed15473e8c0b17ffde1de08d4bf3f7004b26fe1c936d736b76e55e66145579372e1c26fed9ac3f52cc70702cb77297e26c351dcfdc6e1f4beccf676be20a111bf51024def43883bf58408c613e4fca43740fa82ed93414b441005006d09ce3bdd42cd7e53bd5e2b6158733c4ee2765727446a88f6c18823180cc2f67d874c2d299082f9c1a6a27d908eddb831363c0ca41757ca30db181ef62f02f74a176573071ae1d0065fa84bdfbed3e475baee4c2cb5af3f7a34d3f9cf1973fbd2a7ed897a8dc6645e827383668ccd265de2fddfc58c38a123283074ca0ac5641234d1f0e5d1c37b2350ff0c8db3c07de33b5b01d3f29cb5c967b3424aa6a83bff27eccff2544010621986214721f56244fb5a7ae2af8834a076df97f3a5e1cf50d35bab7f9915595e64b0f9499f245a04f962d0e2907434889d15e6e71daa4c63226bc2643b5949c9701a033d3b116c550d3a41cf08b6a2da236525bae807b49076f58ff9bb07df45d119c04701b57fb822683fbc3b3bfbac3fbc58da2acfce6ece179333ee7ce29b89eb4db6e4a3d55caa071679b3f509b3deec311a97eefce67f62e6d6864f3b521d1de85c430ab146a6a97a4943e95e38b4470235f44e7e7d0848d33b4f0b3a48c9acf34d401a4ad99d9d27522ba98f771a9b97db28c279d14469388edf487f8e269722cf155c4316579cad4c37641d21f20c1c79e77d165e12e42ea7e0904d5a80a815bd4d41af8a5a26b216c7315c4bb6b6be5e79b6b5b5b6d65f7222ccce20a92d954a965274455944fe3a84cae53e9075f7c0c018a08691e54ad41f5e44d13a3405d3cbc8c63338fb6eab0c538fcd676b8f1f67ebf5cd7cf36a3296cdb4e71e9ba9ea9ae6c4cc4573d7fb1dbf991bed34de9c4960ad774d1a70dd5415b56bd5d5b06950a0fec99e18677d5b49c98e389ee4895b73a3d6ab4db685d19b5e973a0e17baa84f648c71261ba738366804a7475463d74711695e640316fb711e14cdf3226fa1352cc897651d7f5664561464975db243cb538599b7ec501caae2f50551474c4bb6b591f50d0d0dad001a48a32762ad2a4e6729588a94a250272351c33616eeebeb1f0c77235187fca0f2b23f1c8238ed8fc2d4032e778138a30e0abcb5d9ffee721cbe03ae378b9965ec251d436752a3668cd68fc6ccf16c566f369a084d3553056c35801a1e9aef957de4e01e09d4bf7cf0df0761d9c97e1902f5dd0e9bedead59ed19e8bb154cc1579fa4468bd74cdcc7db94cb304eb2135809acb1a0b403ac083a81d2c278a206a51b4481aa46d9a172c025a7924c982040d30bb1cf49df629308b529aacff4fced9f5b67167671c2d50f4ba68dac5b61705162810f4868ab464545912e590c20245d3a2402ec8b2c2a83443d6ec45a3190f39100b8a22155994113066c530de78524a834e9a09cc311394de61039a0539e188ce44ae526e6d556bef6e2cc69065cbb26227d6559ff3d7ae5df42bf07038331668c3c08fe79ce7bc8ce6cb2af96e29e0f3cd466741781617186e7c68a0b490d3956bd70eb48eae5132066d4daf752ad06597ab15e832a0ee746a1550373544efde015c1aaaacd7464e3fb40e6bd33bef5f12dd52f8663c1916f9dcbbef7e59f47839814bc3913d1eb65c810b19f03e7fb91dc3a313fd91a8af932473b9de4445bd78070db29595b9a9e5e217ff797b064fa067c77673d94b5f6fc520bd3fc472b7108a051bfb20dd4834a4b5b84342c34984f8ceba63506469a8331cd81e2c15b08a59c0b8aab031ffe38bf32b1bad799cbbe5162cb9b8c410837414b0e1daef940e0f164a6a413d3838d4eb15d2db9d7a058e8c3a4b46510d515687eed6f0058069b6890ed92d5db3bff9f6e080aa2fbb575a4c1e6a91279f8c78c54066753519ddfe22179f25bcccdc38dc3813e6676f1e868b677c64e20f7fbb5fc6590ea7c38f443db9731fa0e7dfc30e47d6b77de78b6f9e7eb7eff9f4ecbdaf77d2bc247d86f8cd0b59896fecef33a7ce472ed16fa224d63191439ae6b2e01bca870a6b2dc35214c46fd452a519e3af5b6b2565c5d830e6317e864e4e46a39928238d33c1566cbb75d83e7864a3b50daf056a343adbd8370064c25ca9502c37ebf576bb566ff76c13e5353e96426a47ff5bc717e453c789e8a11979f8d361f790c88901410cd27fcd037b7e7dc6f9fffa343f3a3cf6bdbea8a88f2599e3e43548b22b5f12e9b9d64283e7b3dbf78ad79e3eddf35c7ab2b3134555927d3b404f57c68284ba11cb36a4d603a79b5c1a8c13094e4c23630b70ea40dab786d4bcdea2c6762854d858472246174c49aaaad2528d6e6b693613ce904b2fb1089edcb0e9090d6c0d619d5beee8c059c72668bb06ee5550ae5470a9699dea740f3fd31e754d4ae69bb7eacd6fbf852407696dd7e11c742d5976eae1953f750db9a937c271220703e6674690c99e51a69f4c0c4f7cbf4f12f52bc390641324c95e38b76280f4da7e436a347cf1f0d91650c7beba772f8c442df854d14bc5282f35287c6725c978c193a525838487cb03355a28e86c2f04267d6b0b34922c949435a5e05320c1157a72c0576895cb4a3732353b6b95d5d9a56886e23768abd80e83b0827fcae881e9661ba0757b53afd4651919bb0adc88e988e894c2353ba56bba89c965bb63f770d96cdb66dc353989fdc1804f3557ef7dfeea094f903807093373e76343086707736bc61b67c7789f24ea1f5cff112499c3b50549f6e9b9f9f5957f2f9f2790896c3ce93bbb863ef7d6ce4eb881725a2c28699e0ca8618918afec8cd184234183cb7c56e40494d41b1b7921e40b05425454153636e0d5ad8d50409d9f3780d99857cb9188a5182b861a8d2693e0bc844a6bdda6f9331c5647252557754d9665adddc6a9a2b7758ae178d73b88ec88e0a64e5f04c8b21eba669b8f48956996e087a5452e9d3f7fd0bd73fd93610f0fcedc33877e469ce07a994733e3bd032323637d91a8ffe0c5575fc638cbf1176f3c46efe4c7ebc64af90370cc62aff76c28943bfff8e9375fddd86e2402e82ab554c1cd4b417a425e026d69ffe1ef79832239cec09098e61ca220e6af1684000d31429861f84ac8d6a1c592e20b950c3c7f554e12f066a45956cb48d824c8c8a70dfbe0a067b7db6dea73ca55846f133edcde6c77f44845d7b48e4c9c11c1eba08d2a5b07ef1a3e8acf53f30c3b841d35805a5d1004b016d160edde7d72e51527a233d910a56806faf8867f1ec019f0d1f1b1eff54545fd271ffd10926c70fcbfa877f2972889361600da97cf16b6e30d7f9c506fdf4b62f81814436b6f4709b5d7cb504b8de5af3829c6c1102c51c58a8220047010686046f42ef84ac925125ec9b2317fd148668ce6c56eb369a865b53b1f9e8dc2324bb923d3b67b000d7834aadad43a35add6eeb575bd226bba06d684b9026d5685f8aee9f50e85fa4d1cbd47dff5f0578fa269504e8b308e1b1a48e75bc6dd279fff686208a11a74ff9fb1721a27061d15f5f8d81ffd565f48b25f3249e6d87a63dff3fe5f6d18ebd7f640ba80fc9bcb497c22f34f08e04bbbd1dd25494a0badaedfcbbc1a1e0d5b28fa25514c9065d30ed4ae69c006e6803f04295682254ba5a5590ad20afa67eb4ad252d572b309de06a4593c0a5d168e8e404aa1874da8c95b355dae77745ae4d764a467192eaed5abf0f23a9b6db5b5f6b3b91622f7a31ea2b8f5b7447a328d5c3d09d80303699f624d3db9fec9f8200aac637726b278c3d83df36eba71bbc62790a8fb4492b99ce4d47bfc2bf7d7ff6d7d6d5f6ae40bd94662211702cd40e1e9d37d495aca207cbf937d6383e3b1081a24a7e6a585a3dff5a0c64ac7e05031222d4efa037e0aa48be87b0275d28741653483841c2dc5ad78261c9e9d0d5bcbf170b99c092f8333e4b7921c9bb5c1cba6615545deb4e1c5950e0d3090a1659d32b6566379ba5a95919d11aef159b0eed4371fb1ef47672b8d84414ecd71c77eed1912fd0575eace8d9fbee264ace1dacc9ecbb3205e64fce0c82812759f48328cb31c035b7fc78fdc59d9b87a9e91a63dc0f8d9bcc4f3fe02bc7a9f17fc105fa2ef1fd7d2c11828f3c43a7fea86d323063d039e81416e7090e326417b72f2048e93c2c9938be86cb3b6275554600ae664a4b9c3f4b43ac0c7e339db2e1531c2a01116b649b45e4f6fdb9a468f4ceb15446f538606d365545ae4d57aafc7f68037d97a5107111cc41f048463d2a09c1698a5390fe787d6bf8d20ce5833c8418e19d36ab8076c223f3ae2ec8b44fd1b2fbeff32c659cea1c50f25d7cebf5efde683869428c4f3897cfe6c2e1483e7fa437b4f1f4b7c201315c54fcf7fb7e0e5011aa76c1e138f2db777686808ef81418703cacee59c3c01cc021b61040831d8826a1c6873b99c053b6b5945cb528b5651552d43c3ee7e13dd6c53d37042c4aecb1a7a28a8a36c52dea6899fe9c8db2c76d72b4d6837135addee41b1215f630c325da0ae1c2c092bc172a51025120f27f814e5f6d7d75f1bfb356b4e6455f62008c3809a6c6cdc8944dd17e32c9264ce81c1adfda12be7ae3e5e00e9e4595f7e41b95dca27781e4803fb8ff7783e104d07a2e2deb701f7f1e84f52acfc83699f5b84a5e14b7eb200543759215982a19226b35a445855712cab45c83164ebb75558b165685ddb68ca685e83285185ef6ab629ff8ab44d8a4c967524ef0e749956ab9eb1d9e74ccd44a34cb3b5b67c132b68f44f5a0aa47e298c9c11f20b093836c4623a5fb2eeffcfe7af8dbabdcfa376106f7685e3e327ce1124eabe18677dfed23848bbdcb31fbb77ffe1eae33d46baa0acdedde5d2193f746a8c36891a40ebcff8ddfcde55bf3718046c295f6a341e4e8762097f96eccff2817ce84da2cc30874b7125a7e47e62e52cb085516d65d0a97cba7cda282fd35db9dbec42a0e99a594e691a109a88d372d3d401d704e2268bdcb28e3e29baa244fe54c4c4f45a63e2bc83fe8a66aa8a62612066950a3e5828900fd0810a40601576a2a0defcd98d4f26bc6ed630a308ce2c38c87958c5ed181975f645a2fee3eb90642ee718cfedf2c3e736684d2c91fcecc387bf1ca6a7f0b071e7750335b6c57828712108d46b9328a3013e91df6f14ab470942ed0fc018e802493185ac65a9c7f61eba26f0e2321d33c69cd135702977575164a7524df9660a6ded235dab69f63a18cbd3111d9c4de034bbe4d460ae13e65b5aaa99d23ba752204d3d358870bd671e292518502b14c2813a84231fc80235600b88d642e1f4b97fbef192dbf32bc41cf36cbaa193679012755ff44e6ebc363ce6708e053db3891377d4bd2c15591f3e7c9f15a358aecc78bc6e299f80dca6c751a9c7b4a0b8bc127545f3a5fd42a4128f25e0cf581af411e702e3dc22d239a0a6988d5628f9717999b9b331d59def1ac694b1daeda6221104e648934a642d52af756d9d20a30f8a055073dac409bc419a3c9d3c5e8bc89bb5cbf71f6186853187068f6eeb98782aca1a71f6c1f2211f5e30e6d564e260306bddfd8f5fbcea6168c549eeb9b1003e36e2fc7e3f0c397ee7c58f5ea6442d34c4ccdfdf9bd9c7ee58feb32faf0c79792a3cbd0e863a88e6a74486a8ede6cfe75c5edc48d9d2c2de51f5410c432c38b4ef6f0a30e6603f2921745bad9c455e0dc0b02e8e2ef19e318cb96e770af48d14cbc07a47830eeb98af57f4a6264feb265c566fc3c30d4c34749379f9858a8ccf467430bfb579ebc27d1b8bc06d9a7460b6a9d2d60aac44bd1a0b720f5a0f960b271971a6cad349fc46ff8f62fed945fc415884624c4f8a28bf893a12f5d8c46ff647efe487b46174c22fcefecb575f50d37be1f69351efb3c6f06e32e87513e718dc3ac674f7b5a2d32b8abcb45fd83bacdecd924fff39222679f4c73828968231e35c64291a80cbe5a92ebc1b2d32226d7461a988aca764e4649da6571ab0a774994853e8d6351a71c91a62f90574be4f55019be278456edfaafe3c82f4ad6bf58e7ce1f5bb376fae4ead4e75e7caeaccdc5c736a6675b9787af9f4dbb9e2722e1ea6a959262a88a1db6fbdf551027df6c5f449e11d4158840969d824e71a9d40a2ee074976fda571170aa434d671b6ee2d34b2f9cfbe7e0165899b750cd110db2d115e286e0946b2db2bad6f9fe063a2d458508e4e5dce60f9a0f066082f425d20c50dbac631e0f78c99a9b99b4da05dc5ab79e6756466662bcd8b119a5651b4661368536324e1c508d8ec84e20af05f97d9e0b22a23b04722d3977f7e999ea4be2cd3424abd72aa3cb70aa537b3da9c2a5b16ad215aa4cd42c964289e4b267d900f88e47e41f4efbcf58b4bc1452ab6c970815fc344919b1875f545a2fec10d6c1801b5100af8c25b545f6d3f19711ff716a816710f654a31e03d766cde4da8b3f3458f94403ff4c191fab3ad6cc107ca0c326d00aa6acb522c60260f4ea5cee068362fa6606722a7a653a9c8191ccd6e242283605d379b3295ca35d34cb154fceb837417567e6d782e50d731b946ba9ec6bae8e50bc8eaef5eaeb076b86e205ca82d758ad559206d15974f2f17e1cdc964389c0c81341bb92c894bfffdd6f5747a914c80579f24de226ba18e8db8fa2251fffe8baf0e53ef44ccfab2fe8fb7b77dbedb3b63204d9cc9b0be114d4a6c981b9478661ec70776809e45ce1f1eecadc613d9008931a6ba913399f4b654026dcc74e1c3dd2e885fc40ba8e1d137c17cdee8a27ec25197015c96297cdb769322b76683b7aed12d941a7d04a0ab3272794dfb5ff2cef7b58dfccee3140aa5f4d1d10452282c57387a2c1cc92527378dedd8aa2c0e0e38fa7084109ad36834488183589215ec4356a4ac248bb84a441d6936d65a5eb38624b52de7eee4f8487b5b1cef2a576f1276d7c412f645b136b7c2beeaec5349418ffafe7cbea3d864fb1fe83d3f659b65f12b9fdfdf19c3bb2bb222ebc5fc5d65a6b69c57d50afdf72a0ec04688bee1851bbf5c090402efe39a4d27121e49f2f960d4a33efbc8cae4cc091761c68ee64e2f8cba37caa4fb4c83ddf0c4fc77df1529d9d9617a163ab4ed99fa6ad73920c6015c81c281277d5117865846cf04d05dff391fc4bae0092cea6c573f7e0f750db949d026b34acfc17183f4edd514f1762cae6eb2cf06f3b535b8708ed5153866a462a08cb28abb9db0767c09ff0c90806b91cd354d8b4454452fc95a245fd281b7a8e7743d8f505d04e5ffd66ab5fcfa26d2bcd5d9caec2238cf41a8deb1a31997c5a9e0497ba418f2b251fccf2547f6262777837ef2db90954ebd41786f0ed4fd5df1c4bc9192995ce49dd1030d7d750f837ca24c463dccaca3b1b12bc1619076d189fcf763c915c414bbd95edaf2dc7ce49ec0f08abd37856744690ad39be3600cc29bb3800c826a009f00bda2a92a9926a22e85df3575394f8b0d749c6404e3bb38d6571f7f9647321eb92bcb4b5a00946b50b188d42c8ffe77fe6e4efbfc6eb1965b5fa714607576d6810430c57d3204ebb054408ca6f98a64545c49bb2df8c1e4e48600cdc15af86f8ad608d45d51517fe7475b3f3d8f386d1aa1f9d49827b1fdf509acb30b060199ae341f720df87df628da253cb324a31eb8b9180d8e7c5c6844dac583a96b14a5e74808d2d8a094a01c0888146c1a7455baa303a04b5a5ed1340526ada1485ec2fc821697a06afe2f386ca46588d3ff01c79ea719359cb4ac28caf2123e63ff8d82526cb582a76dd59d1d3d0037510169afc3eb45804ea5b25936eb50a8e0a1580ddaee5198b56de419488fc075c76db4d89c44c556341e056904eaae48c930cea240fd31484f48532fb6ce0f595c109dc099873e03f1bda81fa8517f52f1e53ae77fec8ee2f98d4624a297f6917da361219151533d3d4f1a9f1e47d645519add7605b6ccf9193e6a2892202d2fa348c63922536a96c779398f03ee7a09f91776fab1df70c70c271463797c033fbe56a96cae11ea76aeb653596c116707783b1c605d4eb350d217c29027ec43a81ec563a333a8b3aef8a1380e18374893138ffbad08d47ddfee029bfede5fdf3b4f81da492b49f06ab117cf4c0384d918eb916513f3b80db9aa0b13201834be31746d1e8f5b490de4474a696f0c7369a0a64a1ae92f935e05e308591cc802f01a8e40409555c45a1868a924cb289589b42c2bbaa6a1dd19915135c908ddf861a24ca8b9ef2dc61c307a0dff2664cef12af8675389acb72278c77fc5eb9d851c242f6c3b5bc634341d22ab0ec7c2924f8a857d637b2f27275ffa46e2b638f5ced8b461d35c58474d83fd08d4dd9092edfe8402b5954823bbaeef3a8783603ac07a33000afa6c70e9bce2922b2dd703cf985b6a225592f38df732c08cbc7b7e91b65f8eaf0245845ee7aca94a0e4c158d20d3aeea255d9197755dd68119368bb38e6c6cb9244796e8131bbb16d060d428b7157c01e937d7d448c920447814e5c0ac212004daadc64ef1a089a189379bf542604d561d9ac31622b38e49618f3441a027b76c761a942785e28499a15b07077b7ed81dbd93bfbb8040dd3f06d41857d4577a069cd1a0c8bb05663eccf6a08bbf0cd4b0ea8160ca93b99692f3ba2297b61fdd5e5cbc7d1b9431b6c0cbaea6232a0c3897036630c5bd0638544647648570c227c396011a1e5b95e116f08114d1f075f2ed721e4296a62f2b8a8c088ebd5813a4855390658524575aade6c1f3834665717e15b849a9944344ec4422e5b87c23353735557f39f37272a63a812511f6a40d5b12b60dce716a98b1fbfe41578cb3b67e76d18494ccecce481313532ffe7568882d39484b010932f96f9cccb12baea84bdc0f38e91d13b14ca649284b2f9ea29cba8d8c7b717afaea55cc303639f70a68e00d7e14a451f96a304419691784602c935da38a52145551740526aa05a6037244c5b7805061bc8009fb07649622ab94b7935d2b066f5975cc955fd09fe3c9a9e8c74048f92e7bc71dde1ba91bde55687efec9d7b0e78dc9d7b06eac79814661da800ddcecc1a3a63ed33bdfee86dec9291e67f59c71c6504ddffeea6fe96126325b96452465c4f761bdd762b60c316a8bd5329cd89ef8bf32fdca8bfbd7e0bca9c4fae5b418462fae8ed32f7d76b602375e016c445755d7e465182a10ca3adb27e0196532f12be20cd78cd24b07e265b6689d90ea25fc500917308698374b63cd7acb8544fdf5a9991a5ef9ffc5eff1d71e1ca9f1cdd5dbb7c76f3bbcdb2f5e3f9f997c7eeae5d62b4f210d85205adb44ccc11b7b3c6e1d34f577c36a84efbdbb72beef2cd69d0c9de95d58797d1203cb2112c768f00e5efa79948aade1f8cb0da7ffa469c84219b8d37a6ee44975eae681aee46b2b637637e763f365749ea945367f99d3e1365843e4ba1572c08058c44e0009326a64415a9341b384f40e7b916f95bc0cd365e9204fbc3b562cfc3c2b800daccb854cc657ad6f6c6c3d7ffe1ceffedf11c2ddcbe72fb7364e6d3d9f79150e87d2d84019077166c3e6156ee67e04ea6e48c97ebc412999a987e89a4cc71f5104689ae9d26abce8c89593bf7d7d327ef244dc72163d44cabfa527be4c412ee64bf54c01b5f4a3826477e3d9d9a91006499863e165d240dd06f1ca6c05d3288ab4d8f522c427c0033daead086e5ed7f93e4f732ba4dfa8c8446da6115f5904f38850854e01ec9c0fe402cd44185dbaa40d0f0cdcbbb7b2bbb1b1f10cdbeeeeca4af583eabd8dd7db610970b1d313054cd906c18393fc20fd832e19672125339900b723e1c07188180ddc08d9275f577d0f7be327934e8b403d30371bfedf546d7979ff5a81261be84ecd2d669b8d86d6ae34bcf32df86f2ab1c0a71229168151016c42ade3e01c7c994cb604e8f491bd795e817f9789e812aa2d6a94136ab0c6c182eb862d0710f9c11b0a00b48ea3d144a73b14c3e0ea0a12475a671075a2fb991cddaba2f147a0259f1b884573141b3803b41d013b0ad25d11a87f74ea1f2f9a6881e811657126e1caa68ddd5faf27e3b7acd68b66a7b3b7d739e01c189e5f2b6442ba1e9a9882eba61699a3d23e68b4f0b60a357780aa8a01a9c8a77333b55a4966776d786342ab13626c404fbe1ddf25f2457c1b4871a7002cddc9b8d50de156387055cd4128b5805b04091878a3f162bb5aad82a60d82fdc642a144b6ccc32dc907d46ea04edaf17d32ea38762aafbb2450639cf5c1c57e04eab3436f0ba489339da0e193bb4920c6726ef3792cf645b236e45a5cf47fdc3a400f4572dbec12060ce14c666a6ebed55a5f87c50218222a1cb08e0e95685d1bde9b990be90a2cb782948c0d1b8251135bdcb398321d7ccea1ce42890ec2b810e9c01aaf4560d084fb7ddeb89382822b954827b20902cd3d701a6c614b12683b3813e838d559fddd11a8dfddbd4829d9e9b7300334cb220a68cbb07ff704d6ef83f405f3a039de7b06563d329f0d970f5ef9c66c128274f85a869e95474a7678c8eb753fff94fb1c5a6d12a461bdf93cf5c74a88d6a00a2f8e4f0a7cb3985eab148b2140a533f6e3928d23878d20cb46fa8dde1b446d940890430e4329af019b971a49123043a3bcb151b3fff6db98f460cf5f7ea75b52b21e2c053610437c3120d390237a298a87e157567a9d606d3e7f61d07ccb8caea97320f8a8e509b75f25b1be3e9b2a979ffef1f0f1e11f7f77f8ff8778cbebe778cba7beb306a2bf9d21d27a3e8f740b03674543b5452534922d92c1b223553e92006c4880c60ea986c44d00a02300dd045c88f86653b3b06da29de5f24a081d529f404da0b1535fb45b02357a2748c938508370c79019b32b48c937bd4017a48323df7f160778ebe9f889f3b06cc46a5a411dc6829e56233b976eaa57571f7df807bc9affc379bcd0a6f519f469f16053d1772667281ad78a86f7e6be174853bc3d4e553dfe49798b7747b06792c0dcb9a5e507e4c5a1a697680335587794c52778f10421f7c460d946a026ce7ee0b6f69b06bb22509ffafb0b34ce3a6b74baf96cc8c967f134d380b95e8d5bace6b3c16a7d216e46bc3e6d093aad52ab7cf879ab124097ec6901e1da3e31579632e5d6d3c758f55704a5e2cc64312f83f00cb186eb26c99a2a6b10554cdc5fc10df26c8da5f299cd5bc37164dbe02a63633169d617b92f908dc38261d4cc5acc301364c350284d0267c3aa691d0abf93813cb82d0ea3b69a10a8bb639c75619002b5459456e78cf0ccad31e30146177f8cedd793c1870b13372b8d6a125999d5e942e01e91ca87371fcdcfb991c7c244282866a891f278fd53d450333370ddc02b970ccc0438afb1b89c82da006d2810016f686d36d281ae1e337176dd2cb66903366ec8a8394a7b855264d6696a9514284c63801912ac3d847a9451770aeb64d4d47fba1b02f55ffc78032919056a210b8413d13d67e9bc190637c1e160fdabfd7a75cf76737d49abc661d4a8ab9d51fcc0889f82796fd40fb7180e8f8dd8f9c98acf968afa4c8d5083b55ee2525a863499491b32106b9c5dd1591392351e7f1dd9343073e9fc0d9366e7cd36fd8673364b7b2ac1111a636a48f2b08587b9b2a6a58476569212f0fefeae08d4dffdab67222543a0b608d0672da40e74e60cd241cbe8d7bffa7d36e4696101df5216518e585bd144b306cd51731cb2fb78565df6507bb4a5d7e0b86b93441b893603231d753439f116ac2b6bcc1b0071105d9c8ee767463a76c4bac31907481f074d393759352e88cfa102f1ed488a493ea0868ca48c0e7fb704eabf39f5d30b26a03e63e462802bce865ca7e1a5a1a82b5adfaf87b2cdecde896abbdd0cc5cd714acc6891ce2d33e642a3a3d1a83d8317fb17403bfc2850ab4d7268e6e258c7c69239066b1df15d809a696f09c885e49c18541a94df64dc5f18acd9ac2bd4757580360e884b2c80260fce9cf92409f9242986d9758cc798c49a0375778cb38ea564036cd37cc201c4101b6e10fdefbdfd7abd598fc3c86dee6cdbe737b3009c16708cfa927e77f9d1cd29c9061f3e95e2329a136e706609dcf2716be53b8ec620fb0dd0df54e02d01b2306903f031d2004da1994dba83d9cd75f5282edc0717a86ddd12a831cebad0478fba83f3198b05871398394033668ac1ff1c45a9e58f8e56e91535b14b7840f9e7ffe0c97a92e77bcd17e9c9787afdc1c2c2a8348f4a6b6ac28e5fa9d4dc11a44b306aa3e5411766cd3368beb29b66c36605680bd021b803b7606ef448d8966927c22a36d6fb6f583b18f213c79bf49b284bb4b32dfb883544819a0e3b25e0f66e09d448c99e5dbc00d23d16c3945d675c64c64cd92a1e85f7dbb0db2ef9ed71e7503865bb845f14fe8a74b379b2afaf978cfa22c18e4985cbe3a944660c1d33fbdce3885edc91f3eae2a2c2d60ce174245026c198a163a4ff8c805a8066ce7ce4c8abab3069dcb0514fc3790b791da27942269d26d60c3b268c5a0017ac89320f39baa4a2c6386b0b2b8c2018f419427d5a0c2bb1f21d17ff2ddbf55fd86dd7ed600d1bf0999de1b6e73dfc11fe3bfffe6b5fb859fd499f096d147372612f9d4d6c3fd90e85ed6e9fcd263dfd97c7ff83e7325aab4f0fefea864943e2a65338e598b27cc438c21bf68e54de20c64c60513ee78875c3db6c0480fc5746021eb93ace9c216e962444aba4e3bd2536eb18400bd6a3d860cea43802b5c9f4c3ae48c97ed6d78f94ec2c83460246fd6d6b142e9b38fb6923dfedbfee7ecfb3671e762f393e7970e7ce97bfae9f1b4ab79bd5870bf16072afde68a443fc386b22ed8fdaae153efcc3ef5a6b91f65a7b49d64591c4ac73328b2e2a6db4abe0ac09ce113ebd0fd46f4b98f2916625a9a963c5417187a4e702d357673b9ca163315aea1c86dcd878d8c1ed6f3f360ed4ddf174561f7a273d3d200c050933738edeb2c1987f21f4d147f7efdf7f90885bc6da15067da767c892ccb6da0707bb2bf57463e7457a0ea3e07036322749fcf44eb94d4b00151d94734c5811868c8d09cb2202438c9921d3c59088c424bee48059a03e20351acd66e315b4bfbfbf72efdebdef572b8169aeb452863d8748c07b2401db674c3b009aab2c8848bff3ad6e48c976fb90929d36599dac7f026cc466f2dbd789b1fba3fbb1fba44f109b636657a17de7c19d2fb7fbb1a82cea996b551ac5ad6c03fd2f5857a350965be885d25f392cb7f2541b41c06c6c2a76c39845b71397634977e02d3558b3cd66d3dbdcdeced6eb55686f2fe65b5878f87061211937a3cceb1db45afbad3dfddbeaf434588f3b68c120b7bd897acc6fa312eb8d39fb70360235f74fc4f0d26aea79a70b02f5b7382583fb763ac9739bc0397a0b7d90ebd76d103dc6642393fe4822a34e272d99f68d4f1e7cb9e7cc64867dd9727bf6dfcae5666e2747a5736a6ea9e1f6a75a784eabdc58620b046076dc423ab6e32919db7420d2a8341a953f91777ea16d645718a77d59fad8d6ea1a16e853295052393692261e8d32e3e4a227fbc9804d10438cab322a2ca8f6464580065945d20ac752836a81ad4dab06bb15610c58d008566f29c205534cd7c4a9f14b6a162207c482dff6a9df39f7caaa6376d9777df7ce68ae46c8825fce9f7bee8dd487786e542848a039deee958788a83085611801a960101d8f4208530f87ade9b0790aff0dcc104cdb751b788c61429dc9700d145d4db448ca792f2a71a0fe680452b25be358cea2ec9be3b30eb7adc3797f2288fc2442b7bd965f8765c37dc7bbed04dcb7d36e374f53dba9a55cffe0eb2f8e0f9ccfb79349142ffacf2e7f5d3b3d7afb875d7cf3100a1d571369881331e97821a27ad63faf49a46a6bae246a9aa6c19248e964040c034feb2cebbaa631cf9b463372ab5b59d78d256384d96d64b3d88b128361d77861430a8f03dacaa4210ed481c90f4722258b868d49d888be464dd8b06e209e9aa2c2b78049afb34d4bf79d5a59fa736d7f3f777e1af2169ffce3f2b3af9ac9ede3caf1f6def1deeee5969bfce2577bcf1aab2f819389beebbffb6ffffc9c91fa725e22dde928a4baa90b4318ca48a91b2c53e85256d8faee328b8d55b8ef2cab5edf82feb68ad0ed9410b107f6bc90a1a650336b864da4fd3f1a81408de52ca46464d3b69fac9892f009c2cc9cf3cc797f6707c17a796367ff22f8e9c10aa65f4533f8e82ffffcf7dfcfdac7956432b90db99f57abf56cf5e57f4e518362c7ab81014335d946952450d2fb48753e7153631e0e46f0e152fa504291b64a204d22ceab105863102bf1fea26bb97782502bb3963246235063394b56c9d46216204fdd83fc4c7a13019b683f8093a32d28c5fca3678b580db1adf093bdcbcfbec494ab729c3c26d6aeebd2af3c6c6da52760a052266c5411b5be4d61062929bf4754a811de20a2695a3e42f42d2dd4b98dccccebc8f7d5456a8b31c36b57c15a726e244bc3e9166b4151561aa940fdc10f7e36ae514a169c923b8ba6ee02f404b525faf2d725dacc8f12e9146ee2d0f3f79e646c5cafc5fbb1c65b025d81551fb35d13ea4676ebd430bf89e834775684000f5932cf801d60a6918816a1fb4437d421691a30773c5f343a1f8dfa7c1ee49b8b469fbeb20493361204d9a5e43b1973636eb501eaae531b56beb96760d3c3948c512bf7fde128a4642777c28149901e6c251b1e74baae60fedeef0e7258b6eab6cfcefa058066d4ecc1d9ac61d435ddbcc197fb706ca34833695f292884a569c43404c4115c31c739df0c88ce10deb131e27b1b860cda63f3f31862ae8597593a7b7823efd69190259d4ac5a9380e6837b28daa5ba9b1f3567e5b3d0c482bd0f95109d41ffc641cb59309d443b1e504517a60d853b4635008ff156b8cf1f5fce9e0fd4c79a7db6cb6bb6d24e14d895ad126d46e3d9637ae61d6c94caf2bd40911a6f9d9d6ab1e7478d8f33a84748c91ce002998ce00f6581443dcbb83bbbe39f86b8d2cd8b6223a6c3c628925068d40add7ea6ed22941157c12879270908e39400dd60b3946ac6853f564881a357d4cda7efafd51a892bd0887292583c79eb427e98cf2b79f2efc42081b9e1bc8e92b613672fbf18bc8c4d21f6bc05c6816d09b50a942b8a13d469dcda60d5899326602d1f13421afa4829dd76f488f873a99f745e7663ce80e9012dc50847dbc96d7b44d8ae2c3c44c084be89ac0bf15bcb350699b48914d3b158076928e53c143cca55f7b03eae1d2e5b292b2ea016d111c8d19f5cf8fa6c31ca839179be0352d72ad015b50f17b1359d9469a275a50ca33ee2e654a852e58532b146a60dd24ced287c3a8e314a8998040b3c67c1d9fa65b02e2dccb1291c3f1a3c35eef15e9f9ecbc0f5c358d9812c8215331900ce618f34d7bf6a4133af434bce0f9494be82a5067ab8c1aac1d7c0ef2e088d94c1a564d22d419f6dd109f8aea189d401d0a07fde4be31899e9898f053b18ca86c52a96cbdb8b19106e9f44e6e2701dc09d3b8b7b4b0eb9c75bbd874d92e179a408dbe0bda1275bd601ad2a50a40d5b5a8e7457d2214f5663b42318c10262163b4cdd33b01114d730057307165b1c3bc1c437bf6714b3f6ae14a3c7d7c6209be611463590ad48a740c8dce8e44cda0c987e760dbf0e46a92456d11172b2312a86f8dcf714ae69ff4c37bfb39ff15fadae60a1ab12e16d7d789366083f545441777ef7efaecb27fda6d97cbed72bb00d868a55d420dd54b96a1339656ef79cfb2bc56af3513891c9dbc3989da921e204bce0165a712a49a5eebe818dd907a8db05a513b3a1b41cc8e789e8a09865582fb065eb668b2677097a40b9c8033625226872b5ebabc0ad4203d2281ba65aada891d4017017698b0e94da20dd6447ba3c8a8972f7c21dd2fec47bfdf3de8c601baacecba56e35c08acabb1a2c1b6d7c1ced03721dd6b1df6a29adefbd3c91b90569327b26b12068a71f806d8f7792bdbb6e8d329a76de30dd573e53a92846da60cb9a464ac2237f5a754ed9bcb26ac043a0e62cd813a380a33ea1ffee29097b382c02c0c614b93e62f5d5c016eb086d68b70e3a8506f247e7c4758f9c54f7efbd7975f15e288816565d5a5e62e25be49c7ade67883026cef75af37677bb3addeaca623cf9a515e5868f39d4ed487c952ab230648ad1b98878feab61a012bfae06955870be4eab2f23db4698c4a106083748eeade393870d045ff3f6167d94a702402f5f77ef93ac22919172e8cab30f93199f5ca0a5803749e033639f18bdbba3f515bbcffe05fefdea6801aa0cb65b0466a8646765d4d1926c3b3311142923cebbbfdb423eb23d2848515f5d1ccc90b791ad3530adf607dd379a3ab8510962ab00a33506c48f7ed90c01ad8d11a543fc1d2798eb69b70a0ce01b672dc7ca02fd33c6b2402f5c9ed70901639448063f4c341c66badc16054bc66bb86137f90f6a6efa7c7bff4bc9d0dda30df8db361439487d76a9552c92de806731110ce21df8c8f03ac6205d88a19b367c4d600f64dd0a61852857021647e9ecfcb9f68c227c01f2f55292503696eb16da046a16c2b1b7368f76006c57876da0b783968336ce2cd0748fb472150df1a9f378d09b669db100f0d819334418869d35c0bbcc9b07f93380fd90fb08feb457c613917677519360544625d4ad6f28682c5276145f80243d5df37554b51368529ae532573c52dc64a5c0196b8525680349fab9e4ae4bc5dc999dd376e56eb5b58e5a895e517d9c8ffc2817c2cce63904fd0914ec39b23501b1f8dc272d60b4ac9fcb41c6cd3e96100b003cab855816b4d2737be9eff38f3f5e9267e556be1bcdfbf584ee4504d8152a432e12e1cc083170d05519d84023c682c71e584034a72950b7fef7fe49d5f6b235518c61150af1454d105f61b143a359014a99109cbe0951f404a2905c9d22e2c0c410a23746803695896668098c04e8a0610b562f7522ae28d800516d81b2d5b5858b637254208e4ae573ecf73dec94c91fd02cd73fe24fd0be4c773def7bc6726691957da95ff135c0136d5110a35105f13bedae543b7eb3c0dd0f43458ef3efa11a84354bf9b806a8cb729c7ba49d4fa30ec46a5e27d381fc7593e03b5879dad871d2e9e61026a74e83efdada7b5c6dec6ce6f879b3b7acba0f1e80bf288f09aed883474dae9c0d4cd7220c41a920fac812faa951ceb8caa2dc33958d6d131c8b6a8dd578a65eed8a14e847a2d4cbb204d573fe0258490fe3bb3f1f34ee77c9baca32f5d6b552a73b1a35ebcf5a9cf40ed79208cce89f59372651d2e271657dc400fd6cff196dc93e974a7d78ec007af928c813c079661ac3eddef87752cbae655034baa1956401d29b4ea4667de4cc52a35140fc12a8d75548291529af91d82046a35834e2fdbc0f3ae509375c88c8c7f624ed745a3cac2fb7a80a5697370266af4add5ea9c04eab38f7dd44ec4b822ba6aea1b288a9a54935cbf78f1edad5fc7938b0633b448daa29a904c0957d79592112cb18a2bcc04aa6b430a374d438301ded777681224d63a781815ce9486e26cc7dff1ccd3b9bd076cec863a8df5779b9cba035722255d691fead0cc5cb715a82334f6c0ab54dfbaf9775ce29d6daa0cd4da6aa1d3c64155705d73da6388fdaaffe2ac174d26d3d5de43bafa20922d5c1c44dae35863265ac01b0e06cf06cf1e0d001622de21f0e207ce679b52880e221440abd49690b11b6168b6165efada06fa4c8eb4fb9bd07e970919588774b3a4957bf64e8352e4060275650e02f5070b2f919271c596ab813960165e361f43dc5c6bc7555bf9e6f1d81b1d1d5d9db757cdd2edb65ead265803b34c0dc8dccc42bbeab9d604d9de77fdb42fda26163dc899513a49004d9ece887785efba6c35379b93344d0d75ed7232a246426ea48df739402b21cb58437312a8df597c8a944c9c957f97a9a08c589b999a9c35f57a5ffff05deb623cfdf7f2aa7f6086b0959bfb1f8819158f1954921c02b8887731628226535b4f311b68f3b538a341429c8414891744906cdd9338ed62c6f85bb32239841f9e00352dcd401d87895d5e2ccc5abda52d0ea76654f550fa9e87946c992919b36fa146ab642bb82f5b4bbd1ada2a3eef628c8fe1d81e4f46075b7472dd443bd3398e619217aa8818c84d84ad19ca4827182e6f066c1555957d6798419ecf12637d028753697c02b6a2ac29c597c04cc9e8029d933671f9b6f51b1d43eb5250f110a86fbc709ce55719a879ce8121da557a7b43b00d35cf3cfcfadde9f4eaeee5d6bde608afd3f7c8b78cb3444f43861a3c0158bc310a988db438a3533a650473b3b4639b9af04d49df380ed5d32e976cc0ce47c6392569430d536f123560a309f408848bb70dacf8dafd79b7e7e2380b29994073d2228e2e05d58d203f2ceef9d1f4afa3cbc3f13d94c19b146ebd1cd5453b439ded9f12e559843ab4a9686b744136e977e9680e89ac67360e13e99803a68eb71b41636bbbefd2afeb415beb77d1d1dc4de73785882dc1424c4d24a5a2dedb6fdef8d5fbb58527be487b98c85b3b69200767b6aad99aacfd9dc3e7933f1e47f71f324653025e67a036de590d5cac895aa0d545d91e9c6cf506615bbd73e902e3ebaefe2949b558873b7b5e29684475c2ce73b218e413572851150c687b358205d252a984eb2c78b14509125fa02ea8fcee1b73719ce557041a8656e5242f5082b45007813bb6f03f7ff27cf2f2e2bcdd53710bb2ac46c8afb1b6686dab78ae2c6cbbf51b4dac3743627a808e89b268cda8ac507dacaa99b2ec4112ad363bfd0e0fcffa3c8126d7ccb381c002aad392d8e6748d312653199dd33c04eac5b38f543b3195b49ae1688b90451be1da375f077782cfde5bbe98fc5ceba9e435ab9f4466ef8c757f86da4c3dd3a6280bb489f159b1da4cad9c5b1e659a4d6901d7677ed0b2f5a8d116db96c082ab8135b682ab154aca111761ab15757b2eeecef2abe04bca94852e466bd5ca02f3368c2dd62befffb2fc7b4b12eb42b5acc85aa8e5e9dcd442eed26d838cae83c61872c7145603a5c5f7ed360c5285651b35ecf549d62b7b4bd73d9b7354b691b1b4871c72917a1176d943a09e8394ec1fa5641e2e0b5d72ac4b9689033684508716547d45ec5ad06aad07b5165ddd9ed12e1a1b6c32d6caaaa57848c5c32e9aac9d29510fdd76a8937d8882822c9327adc5245a306c8112e7194e7beaa6ffab68f3026dd31c04ead7179e7ee22b2323e73bf67ad87e4ba0d9ca601d186ab0ee99a54d91505bc0b6e4ccaaddae7a62878c7feeba5bda45b5e3fc6a7931af18fd8f9c33d86d2206c2b0908a2a7100c4853c0252a5ce64a63510357108463db5279e811741ea8d57e02572e521724a7acd71df82ced89371bada2cf4d043f6df8d67eb44959aafff78d68e33bd0c391963e5d882d065404bf4c301fb752522206af10e45d35743983bf9340f0481889000c8a46f022169d5a2155abee55295ec9dbfa8ea8f90364fff28a08574be57560717cb96dac96e77a014c50ed62b63b3ac45b7ab8275a29e9e3b441932d5aafe2582eaed1096b3163277128811c9ca9baf88282d738a020194b67c0ac4691b6ccfdea29fb576867d70ac1816d1c13ad71a6c78fc43215b39b7a6da0599f454bcddaa7d0def4f075092fdd6450e64132a5c66093189a270c9ac4d79cd797657e9cb5dd9546389d80deb6849b9149612c1cf7ad475d37a5faf79819c3355197b5fd8822d8b1c27c7bfc871d6cc75a056ae314625ccbcbfdd9289403f8124faa6cd837404973e21960d8445f686ee6c53a75e676508adcb315744fb212b56a3ad94db7cd1024a8b3be4f9f7ce8f7fa07e7126cb590480023a096b8db522d6e58e4be1e6a65c182de3e564f5e1cff9e5aec7075c9feaf81f15c01d423d95b13d6ad24318a8cf4717f380429ad5cfc831268ee2ece24eb79c8bf4a8153cd499d718f771e3c410620248183841af88f67236f508690f31aafcef933bea61cc9d2040c96f552ef4baf7df2c46c17177bebcf399c091270b8471e0db315327e05622e911d6630ab66495e1bb9381ecce720825b671d02170a15dfc7a67af02e3cd6a35494d339bdcdfa6f58a115cf4a894ce36eea1ab5829c75e01d0f1df519fbe3c6baee6402d52cf2a4eeb8d6cac1eaf3eaed6bcd84c53416c5c552452ecdd88cdbb74c8c68c9c1bd6131188de1cffdc892c673d112d5959064f57f66bfade4c97bf9af5cd62db241c8d13062ff3341cb4714dd68e2eb1e0dd17120d61a03e1f7d9e5ee2219250794ab9584ef54875f5db9df6c95e5d305a03e9e27e76bdd96eaf9b66b4bc6a36cb4ba65e2119cf4eb8ec17c657af728f2932e3eb01cc927d90dd595df58f7bc982776688442d6b7b3f95debfdcdcb16e9b401c0670556ae5ad6387b4cae2286a153570f8e0eed0814f2724266ee2fdf2001d3df42532788afc38fdfe1ce88f4522145591e27c2636b960969f3fc0a0c03c3c3b5f5d93e11fea3bfdf8d0a5c787ce9c8eb679d61699f3ae1618a0e77de6930598a66028fb7a35e4f3974f1f56faeaee8f73f3222e3592050d1b65c9c2eef54976fbf678281a7ba89a52d92caf9274c6cb9be78c79d70fb662776369f70d3de809995dc92ef2ca596b4bb9bddd22b7c8af9b9befd7d740ffb4f968e74e1ef9906ca9cc07416f9b346976e9bed96554b1a69964e73fd3d81aee2eea521a64909d6ce3e5f70abca5ad15456ba99434218436c6b77d773890f9cd0733bf3f6997a42f9e604a22f5db84cf4aee009d91d3d0616eee1aed7cb33cdaeea3ed243bd23a67a15b223570a510e0f5c42bac225ce876c17b516b21a27bf0a1edfbee768e7ed11bf7df275fe5291f26b16bfabf8a98a2da6c659323262e6cd49d78577417bb5cae2dcb82d65248b6d698a4408cf11ebc5e0acc503020ac2b0ad576870eacc813dd46eb00f7ae6bbd5192de44f23db6ee175df4cdb79f9dabd26cfe0536a6c8d7ab4c26e7039132f23227e3c591382d4bbb8e0bd5663fda9e6d8f9916ada528928da2a10d121526314fc5b555ee6aa568212c8657e903ac9fe8d6874f1440f728b537a2ef5b4cf4bea1e8b4aa764bea8339d02fc7fceaeeafabb8cc4c56b9225ddbf4b2527465e98c87c6e76994cdd7c2bd25603c5eb61d70d5d0d5019750e2ee3778217c10a5b5ae5435a26b5b25b9b3650de036809864fb20755594be45a8dcad174af8b63f20237d30ba54520923848945ef418e5c88f966bc9cb580cc5d9ecea9c7792e268dbcd04d1ee1c11555b625523e4a265bd0465b04b433dc684bb8d438e0d00caa080801d1aad4486df32cb7a08d1f05218d914ad7a57585d35872d84d7778432d4de863b7a9dc546c6fb4adb1d678c8d6837c4847fb71ac454a337eb4b613fafb35bf3f29b477299de463a7f99aee593f27f039ed1276c59a7129bb996d31b72d67c51586e2cd80eb9532f41a8692699b178e76cbb6480bc8d64a103cf11aa9c9b6b21a334a69a41e96562274903d1e8fb8632d705b236da93cb99ada95520a4fad1ff563bdbb1ed001ab34c178881b4c71fb815ff19768fe03e6d7f886bed9bc9b7327a1ca9f2feff98170ba107e5576d303197177e7fbdb7fc49dcd6e1b4716856143b601014602d89ec8e368a24c06086632986693d5bfa86e350801dc71d5af35afe07900c32b2ef2125a78156b39f6ce6f9173cebda52205d9482227b9649322d9249bfdd5b9f7dc6a4a9295125b172e73ad9232e82ac816acc901c2c57588435df56d3fd4c5d453b49d51c7a36aa1f0326d60c9968851a5aac83a4e7cf32c9962203491fe7b0301377d8f9144b41f188695f7f37191e46b4be16ac67ef2e008d9760d92bb0663536a8b955fbefbeedbafbe4ec91df167166a1ececaa41db2734ed77ee357225e65b2629bd066b6192e23c16da0248b8e9a695bb2dd962abca5aa6c3fd503d625753cc0080d2234b4d9a1e57e06da88fa53c591dae67a90215624f26902144433026d47b43bb10559b2654ddecef2e2045dc6d53262046c66a1d59ac9b521bac0d25f2ff0f1361f746757ca00ae552aacba7467ddd9199813fa7d0a1df1c7ffb1c1f77102cacc399f928e7f61882b970c37b395bf77b8292f67bae2148ceeb6041a7a64a81227ecc6e5a2061cada54c8cebb1d788681af5c66b4a13d22ece974cdfea983bac188896ccfb9637f0ac48f278321ed94aa6a8ccc4ab4b03bde9fad56ac070e100f0d02333d8c189c3ad598bd6c9fa11751c260ec7d965ce75e74dd7c4a16d87be6176176e043f6079f6ad091dd0effd81d065c952a176b4bf9871629ad9e6c870cd5089ef7e272415068eff669408ca569d6f3b14abc5d45a27cc9a0ae94591764fc58b00b2b102925eafa4a6aaa447a356390a3a375e634bbe3da54dd2135e46953bab761bfae5f9802d20ee8455dadec09afb3a5de8abf3f305b4cb886d272387b81e0c3fed90c0a79e1127040774b995b3e0594b0aca1ee7d37da10bfaef6bc94a355406f6934a5e65e5de1aaaeb84eb7893ab8a93edea51504821f4d000d144e5d1582cd1e28e3192ac9cd3a48a0ab228b981f2eb8089edc010c95fd4039ed073b8204ab96308b725d969c02b91711ce0ba845d269bfe2c04a58922b25c5bbd05496217394fcf6ece26186f6c64a5bd51c4d9579445dfed98a98d64182bb66e53850b7ed6d6a75cba0e67c72cbea510a745d130479d9e3ddf634ee8bfc7f74e36d390add7c7dba0dbd0324457780df1c048fd10f152a90db0e1c3020e3367d7567531700506ab1cba3adc50852d43405a0c54c650d7d02cee6700d0046ea379349a22e650a664ee60aed6732cd4dccf1dddd01a825c833d9dd950c995cb06281dd0bea940cb785fbdf940b4ed34f425b37155b5c19cd9e59b4b8217ff371f68e3287732669587cbaba78174c746c5592e0f67bebf7580878a76d422cc851bc34506b269a985d3e796dc8fef3f04f3cf07fdd15f7fd8c5e913dfd0b88936e3b5a82b13b0a9374f65002d7d127417e17ac61ab28d4c6b030142c213d1426ce51847646c638e576182f58c3d140b6443a1edcc701bd9e864811e52eaed71ae010bcc1cc0accd7d2f7de33412481464ac35cf54b1d9eebe1a46e681a98ee57a16f764b8923be3bd083e055e7fb9e2b1b6da9abfd1b78bf36808355a16d600581ca00e8e3a616ef63023889ac3511bdd9f3e37a13f3e7ef839847e0f962c16079c0fd90a37bd552ae61430168817e7d4147180372536389261083dbf453845fd628e1d1c84f260619b6837a2d5b3380257af0131a93cc7519c5b646c64da86d0689623d8b1caa20736fb46e56f65cf42b02eaa296dfdb665765e0d18214aad10bf0cb14640cf722133e794dc906d55b355774de5ecae392f56ad96b418553d4cdc5abe2980ce169b392b98985dc95c32ea84d9cbb4144d0d386ac3dc38667116e65e8bd25e8cfd3782fee5978f8f8f7e3beeffbc41fe39204cb6fbe19d174913703e7e00e532311654e100f85020ae96cb49f716119f20ea57bcea8168a5b389f9bb91b0572b6813f91c245beb7f2cc3f65a85f8b18f7bde96859379e6b0706160af9234f04db5ac1968db314815779d1b8c992e203402b4f368df801f58c91471757572f2f6eacd2574bba51d1c7a061d24dd0569a4728190804dc1386b2163c7ac48989d74b9873ab8aa1b0ebb9cbc136aaa3985500b73a4782819d5c66f8eef7038ab5f4db508178bebb6884bcae9947185614d8d924bbdacc73220874269045cd0412d9775b12a0a15746c12d31b3f0bd194e38467236ff06e8c139c99e1e996529745b72233a6a1c3a21df56351473d8aa0784ae2efa3d4af9d61863c8ccca494a990d0c0057b391f612a0149c587a6794767a5ceadd57bb22c687587eb2e4c9419fb64b779d11d8e798b25abbae4e291510bb3b2b730fba2ec9d30c748ffeebe569f4116e56f77f86383af2f8a582db4f3229814a49b73b712362057e0d380d9008d2e810a8674c56fe2af2a3c892104554f87c49b4cdbe8dfdc80f35955340feef3c5e0c3e1aaf522dbb00aeb4c74dce4beded02c5395f26c43c4eb464168599fa375563a5235f308a3c8ca9b69bd31356588ac3d2365695f1ac7bb73ebaa2152eceec699c93dbc1313ea1cb25ddb4c777bb074ebac685e2745e73a2dcc796108f338e6168d9751632ecf12f265cf7efb97d31ffef0f2e27c592cce41ba61c8ac1a7232f7006d208935e80fdcf5f03871807c870252f5a9906959a87366c23e5f4d5228a904a6abd1d2d024c562bc1448df8b283f0c462d3f46901bb1f6b96df56cf7e64bdc76e3a59d8ebacbd9ce49d62ccfae49b8149353351a26aa20d1b26ca8046933942f4437c78d9fe783d8e89478678d2b84d8316b498ace98f3e2161c8839e4b4658c3c4a9d2f5f8e439a0966f7eac3e53f1edce170d6e58207f42fa0279902773cbe054abccae1d7c06bd034933d418ef64bee8802a5a4aa950114aae69271946e98e5a38fd6a16ff4dabd00a93f561f25128b8bf3c9d00104ad19b0066d8fcaac6ad7d832d2f49aab1b91e90aae9220df3a35089ec93907aad49c63a765e788d3c9e2266d85634f371df8b592b5a88dee0e16841b87c4571be578839ee0366eed07ced1eb5dbd7df73fc47fdffdfdd15dbe0a1cf9abd2203db629543f8245a38ae7c8f5a5059f2101b3aa58608024a0235536540caccc35113513798541512c061faf74ca9aed54cf2ccbdd47a710c208e0028f50e5b52da0d2b1ced8f34d0b93a3849b767386ebca055d2cd6faa55cae1ceea454806f8b39c3bea9ea8d48bbb86f892c7123ee6db513d647d7f669a334987deac7e93ade57728b27c0abc03f0f7c7b727275f9efefff797497831cefb6fa9fb4222dd870c875df75fcc113a2ba54432e1b689dd6d2e7b17dbb755009ad32d1d603b0c8bc62a1ecc628007491ac8a80af27f27631b5ad59a6d041c21d0681bd0fedc1848170b1e44e112a1459ee6f61e50890cab3727df24632c9252e3b6244863d7f8af5ec975c23734e8b4067d6748b3ce975b58641a7b8a915cfcf8e577c3d3f97081b12f34be1bd225ee7fbf6ed097a821f5fbd7cf2f4d96b4c9cbe38be77d72f88ae12e9d148f750f86607e5214caf4d429e4b1e8902181686744cfc53af6882cd597b9b50fb0ccbc0c8532ce4772d5815f002464fda4f9e8abe4c11786a4aabbbd667f36815a2a81d2ef7206ba3d34dfdacc9cb39df207daba2e7747d6b0e773da7c5e9eebb731b87f48e0afba48cd422fa08dc3c21de4bc3fb7f2467ca5778df1bded7fc57befd299ae92f8e8f3ec75fc1788df49d34cdc239a06e870d351d46fb137d75805b1d58e87a79fdb261987bf266c0b4e4b642932948b3aba53d3c780a6df5a9b5b8cf5446f0275a9355c7b64ddeca6636d80629d5b366542a210eb72d832b37a54c9309ce87219f74085a85fa63a2d6c9581bea44d6413b753d26c42c1fde2a327c24bb74f2c13ae1dd25bca0cb487821dfa7e28b68c0b83d25e4172feecb86dd3d1e7c7f595d600e4c3688a89b02e46330d2fc023688959b309e5f28f06065876394d5bd8c466143f0823fe926bb1e9bfa965b1e0dae0f0d3a70a566695b668414d6a55ed2a73d27cf189696e5b4471f0959b0d2bc829b65e1d7c9c1ee091a275213a7db2867d69ebd0fc31e175f96e4329839c8fa65f493330e884edf23fff1fdc7f03e01df67af41d84e8c331de77af1f8fe0359b0471677ff3ac2fb05784ef2c1584285c23df2c7363435dc1a6897dbd0c23a992f5b2dd798062eed38b0979b908d538ae87379be03a61a99b94a7bc43aeb96976c3594e971072efa6406e0e6587a95493c9913adc269a6286f4408bab8c9db48e7dc2d9c1f17b44e7905032cfb47f9a6e6c805acb89ece190734e74f517c6fc1bbc73787509f2178f8faabafbfc0cce77dcc77238e1e1e1de1877b883bc3fecbbf5eb5172bdfa9ccbbab8b9ae41412d714824847cfbeeb193bad5f56253adb1063992313a7c5f49953a7cd9b29a1c9e7e5664349196939fd011d35962ccc42957bd28320476729a87eb5cf7dff46979a6d279d29dede4eef543a184ccfebb567e7d41a25c2d10f805bcbff6c33ff4ccad9ec249245715c4abe25288da0021a46c7d86398b415514627988a613bace6b5e615e4018c2b17b3e90d7b17ae9a59f6b09bb798fff9aa73b5eca45b7eb7a01b92d6961fe79e73cfbd7887e8a5ca79f175c6e3df85ebbd6b42b0d302aa177eebf55a6d136ca1c34de89fd56a1445c52264afeabab4d6391edcfd9ec4b164c371728196f438d153570cadbbb0bae2339b38248c47717c3999fc86b737ad8db52190314eca5f949d69f39e7bf93c43c8f94f34d9686a0e4fa0b067dbc37de5d86eb853b976017b2283c6b6dbcea87e542c7c513c6b01cae89b164816e1c424c9572667e86542bde417829b29a2b82f8a411dd448b253c3005b405d23b245f5aa67fc7f7db8d7ccf11fde7a7fde4a0da470f97d737e76f14972f5191d7d1e61ca1f5f4d47d78f8fb44be569921bd0be7b438b6333aee73ce96264278ce3c165d25fb943a8906a112e9864fd6e6ed66fc0adbb646b2b82a0024f05936a3cc53b5f14bcde977c9592a8a34bbd53eaa1d316c9626e7a7743bdc41d06d46a30b3dfbdbdbd0f4cb9bcbef392da4eadf742312473449be7358cf75ba651aaf4061f51ebff25704279e6c5dcf6ad2eabc69394f3119d9bc613d7383872f3c72372ed78384c46316d5d8a758b71533e74e3c08f7e9a4ee46a6144c3e06866d5a166e08737c289db0dbbe600372d07b8bde1299fd918895e5d0a0264115f16ca4e38a217b99736379f3045238ae7085e0a10e8c5ab059a77cc3d5d2cb8d5df37bf65bacac23a6e3b98b39ddececf3d1e5d8053c430cca93a27497a25cf25055f24d7e91c1e1e1f1f9f9c9c9c9e7edc5db8740df52f8fdb8874da239c4c12da624e26e7549ec3cb35a6f738465ec5b227b9b94aaeafd488459da33b882e9c8d7fd3b20de0aecdb0945d19c9df9cb841d8259b6aea15bbd204e2610f92b34b5e165cb5505ac9ec8ce979319f6397f31fc42ee9e5f055b7008f000b3e6a79f89633ace34244d74531d3ed7599c39476bbdd68e4722b65660c02824b39824eace1793cc817a308efa7ee2f6030383d7d36e980fa362c1d95e39416b99cc1ce2709979c6480e76ef42f62776297e3ad5fd93326c8b311da76cd4ef836ca16625ea205a959e1a2dd1abca2174e81b58180d6270fad6d0adfe5136d60b361dcb35ed845f8a6fc2d88dfa3a37ee8372b980653276ac426b125f3f54115e3a07a88b06b1bb05d79677a36cf62b940e4f3c56231c20011510528fe367b3dcc29f89ce160207df650fa226dd65d51f525f536d4f1b4ec991a986e100418e0d79d8d631062d90fdf64623ae61186b2e94e85eb3e81ed116b75c87251e42b6a57b8e0b60d9d20875e095f160cb71ebc16bd6ad7fd1ec16fa8378bfaad077e3d1d734226a26a04e0a053ec74f2ed0e86b1d1dea854560969b82e00d60cb954d90b9b5b0ed78200d3cc4ff870e9fd97e5131521335867f1b3195722548734c9fa50b503db8273e9aafb2609761a6d452edbf0b60e1b2a9ea69dd833b40d6f92b05d394f66a16b0d5bd7fb497f2702e9a5f0855e4abc24d6e4ba5df7bbd480f6f00df5aebf8a5e0fdfd0ef960826aa4c2450a8813c2ea6916f301b347021b42bef520dcd85b542c922da454b99ef70c56fe021ca0abc81fb7d79799e77a9f49ca1f29cc9e271575a3f08f5e9ed8374a841b8f18af93d19c69cadd3b6036bb78d14896f2dc925823373b7f9b576a7dae5afaa76c56f6097f54a4bf733cfcee217827113b96ad710bd1ebea6d72bab6cfa2dbb5e9f9ecdaed5d3ae57c9d3100a1864a581fb46c846a5f4639ed535c1a93a27b211d5b00d24a67d65f7927a39e50320e792d29e30e759cd02bece45bab6eb619dfa4ab2a0c6e1e9b42e9aea217c581f419632d2c2cd7238a23a5b45ab5df9d7d2c003ea577f7fed9b7a97900ab3828529a02591f9fd7ebd9e7b33e1eb7e05d51bb95df72b43c915508aa9e0ca0686f2ce748d0bd05d4e7473708350b94778bd869f827f2affd11838e738dfefdb4b6953e12e03e5b61211eb9f1f6ec5981f11c1c6c19403de6cbb71abdb483867ef20f1ca0e9af8544c2fcdcedcfbe1ff93fa054bb835b9a0c978fecd4cce6ffa5de791d1bb99d51b01d7fba65fd79bc305486f96121766ab130a47491075a203d03de8125802083b7540860d7e60cf5898efb3f3ed268787bdc46116d4d527acb778de15ef38cde0a72facaa16df52b7e9c9e1f1a5eb75bbf201123e14a6e12bdf9d51b964376d54915fdc6c711494ceffb37347b94d0351144063d5a931a1529326088c8aa5eea01222a1888af4875db281ca3bf012fac127cbe1bd77f572477e99a46ad4aaadb863f7030945707a67c663ca4c137571b3bfd137e96ff0a5ae5cf025b1f2668047028c56ca7530722d53844576799e0bb99a0bc9671d9f101197664b001e03706fb998778b85a2a335fe577fc7a881a18b7ad77f4187b1b07b8fcddcc4afae2e7fdd5cff80f0d7cd7f138dfa0a2fbebdb8b8c2f6b79f41ce35de60c9d9a2ebe68177cff41c575ff6d77d232febcb14dedf005ce9d08c02f221a9099cc98506e6428ee91c9379e28deff923bb480e73d4bc53f3398e8029af497b6707874270d9a3c792cdeb7c79ed71f34d7e1441ebacbca82fa78f5bd80217ef10105418c107286fdbcee09b495c7d099cf1052f7c499ca6c8028f8498be1ccca1d0acb35ed1d9be364da3156fe4c11e7bf47405b750dc037c1b2087f979d759d311e0c3e156f541b6396c5ae0e5bc6dab7fca0f304ab157bdf02eccee56425bd0760884cf3c3c7636dc3c2f7c113e7c5037575f666c376dc96ba20118ba565b30677c0f879e56c57442f06d1d6ff46a2c3857c1a68ddb369a133dee629004bd3712a493a181bebf21489ad87d5ffff9309ff3570c17b43d0262be1714ddbdbc47c1d7b2e3e188ba0066525d9f9ef7026300f8d1524d6a9b3364a10e9173b8f7e5b4b13db95c321adbadf9419a9023208fe624cf66a669812e4c8caa21d0173d91eeffde2d800bdbe5b25ff54b10a76ff5e5adc239df19798230a767598b32f58d9bab417bcba22c54d5689d374ccf48a54179c90bdfc7cee6d38baad64cea21b78a8bf9b494801c516fbd41bea5e792d0f337fbd1db7355d798a579aaa8cde07a2f571e10232a2fbff1633bbba76fe66c83bed9e979dc940096e20217c8e49d64b757158b0ce1a74a55fbe73320073ac16d3838b9892e63d8f3d393dc7a0ef0ac39d05b43374f70cb97b5fd13d6de63ba6d0b5fe8e680779c3c637a8ebe71862e64182f7d9537f617c28445a8fbe4a946f5c84266a9b7cee632e472748223d38c396ace9ecb75924cee9a81f93e74aab7fad4b5bebe5e5fad945702de3c703c798e4f4771f9e5e933a7681e6c70f9e5f1556c30a6e54d7f9f53aa9da985bc327286e4c5d8c943cf1d5d03f3532ee8a1e77bd09d9dbef7e6f5370bae6b11da6401c65624d5b5f65238e92f78a32f709d18557a9ef17de0b61472817d07f9382d7a497298c7055d82d3f57b16fde1f57dbb7dfd2d219cf222300630789302577a332c2fe6e71715f7a63aff2032ad3b381773c6c8698e907cb86ff715fd0145cfbf388af5657b0d1883bca5f3f2e988c071f965bcbe19e097a7ce93b938b1037d3b7952731d34b73b5bf4b8a4a7e8e47db7d537d617c4e4b5f0f4d97d39412311382abfca9875c02e9c1ce6b1e75309de83133d6edbe303fa601727aad4cd6d9ec99b3f7da62fcfafe2f39103c7b90d0d7efda9bce57623f99ec792837c4cf392e2b1e7272cba4defb8585ff6d77929ac97fb4ae2e93380e11b2b8c5dcb01d3f3eb73cf8bebbd21af07bb37891018fbf1585d0655f7b0e89a505f0033830d34c329baf202075d9872bd72ddffd069c977a526b98c507284e849c04876e6584704e6f68a417f2b5f7e23f0bf76ed6805611806a0e804b7127cf2ff7fd685760981360311ade31ec79e854b66d7dafe98612fc1e750ea2729eecdbdb825771a5dfb9d68713b75b3bec506d8ce8eecc2bb2bf68434f668b7e4d1a69faab55f376b1bdd92bebec1615fec735b1cf033d76cf9169fed225abc9b7cbd8ffb0ef3aab89cf84e5a9eeec3e61e7cbfb5e4da701da87d8b3c93f98d3b3fbf81b3e4b5b83c8e19dfaf74804b3820f477a48931e79edca3ab221d36bec13231747fd265b8bc32be65fb77e0c7445e528edb12ce17ae58982177cb6521ceef5ca901000000000000000000bc0009f009819c49cef40000000049454e44ae426082, 98862.2, 10, 3);
INSERT INTO `product` (`ProductID`, `CategoryID`, `CompanyID`, `ProductName`, `ProductDescription`, `ProductImage`, `UnitPrice`, `UnitsInStock`, `QuantityPerUnit`) VALUES
('P00002', 'C00001', 'S00002', 'Asus ZenBook UX305', 'CPU: Intel Core Intel Core M3-6Y30 – M7-6Y75 \r\n\r\n\r\nGraphics: Intel HD Graphics 515 \r\n\r\n\r\nScreen: 13.3-inch, FHD (1,920 x 1,080) – QHD+ (3200 x 1800) IPS display \r\n\r\n\r\nStorage: 256GB – 512GB SSD\r\n', '', 98862.2, 10, 3),
('P00003', 'C00001', 'S00003', 'Razer Blade Stealth', 'CPU:  Intel Core i7 \r\n\r\n\r\nGraphics:Intel HD Graphics 620 \r\n\r\n\r\nScreen:  12.5-inch, QHD+ (2,560 x 1,440) – 4K (3,840 x 2,160) IGZO LED-backlit multi-touch \r\n\r\n\r\nStorage: 128GB – 1TB SSD\r\n', '', 152178, 10, 3),
('P00004', 'C00001', 'S00002', 'Asus Chromebook Flip ', 'CPU:  Intel Pentium – Core m3 \r\n\r\n\r\nGraphics:Intel HD Graphics 515 \r\n\r\n\r\nScreen: 12.5-inch, FHD (1,920 x 1,080) LED backlit anti-glare \r\n\r\n\r\nStorage: 32GB – 64GB eMMC\r\n', '', 76012.7, 10, 3),
('P00005', 'C00001', 'S00004', 'Samsung Notebook 7 Spin', 'CPU:  2.5GHz Intel Core i7-6500U\r\n\r\n\r\nGraphics:Nvidia GeForce 940MX (2GB DDR3L); Intel HD Graphics 520 \r\n\r\n\r\nScreen: 15.6-inch Full HD (1,920 x 1,080) LED with touch panel \r\n\r\n\r\nStorage: 1 TB HDD – 1TB HDD; 128GB SSD\r\n', '', 182794, 10, 3),
('P00006', 'C00001', 'S00005', 'Acer Aspire S 13', 'CPU:  Intel Core i3 – i7 \r\n\r\n\r\nGraphics:Intel HD Graphics 520 – 620 \r\n\r\n\r\nScreen: 13.3-inch, FHD (1,920 x 1,080) anti-glare touchscreen IPS \r\n\r\n\r\nStorage: 128GB – 512GB SSD\r\n', '', 91396.5, 10, 3),
('P00007', 'C00001', 'S00004', 'Samsung Notebook 9', 'Samsung Notebook 9', '', 141515, 10, 3),
('P00008', 'C00001', 'S00006', 'Surface Book', 'CPU:  Intel Core i5 – i7 \r\n\r\n\r\nGraphics:Intel HD graphics 520 – Nvidia GeForce graphics \r\n\r\n\r\nScreen: 13.5-inch, 3,000 x 2,000 PixelSense Display \r\n\r\n\r\nStorage: 128GB – 256GB PCIe3.0 SSD\r\n', '', 197877, 10, 3),
('P00009', 'C00001', 'S00007', 'HP Spectre x360 15', 'CPU:  Intel Core i7 \r\n\r\n\r\nGraphics:Nvidia GeForce 940MX \r\n\r\n\r\nScreen: 15.6-inch, UHD (3,840 x 2,160) IPS UWVA-backlit multi-touch \r\n\r\n\r\nStorage: 512GB SSD\r\n', '', 190260, 10, 3),
('P00010', 'C00001', 'S00006', '  MacBook', 'CPU:  Intel Core m3 – m5 \r\n\r\n\r\nGraphics:Intel HD Graphics 515 \r\n\r\n\r\nScreen: 12-inch, 2304 x 1,440 LED-backlit IPS display \r\n\r\n\r\nStorage: 256GB – 512GB SSD\r\n', '', 231389, 10, 3),
('P00011', 'C00001', 'S00002', '  Asus ZenBook Flip UX360', 'CPU:  Intel Core m3 – Core m7 \r\n\r\n\r\nGraphics: Intel HD Graphics 515 \r\n\r\n\r\nScreen: 13.3-inch, FHD (1,920 x 1,080) LED-backlit glare touchscreen \r\n\r\n\r\nStorage: 128GB – 512GB SSD\r\n', '', 84695.5, 10, 3),
('P00012', 'C00001', 'S00007', '  HP Spectre', 'CPU:  Intel Core i5 – i7 \r\n\r\n\r\nGraphics: Intel HD Graphics 520 \r\n\r\n\r\nScreen: 13.3-inch FHD (1,920 x 1,080) IPS UWVA WLED \r\n\r\n\r\nStorage: 256GB – 512GB SSD\r\n', '', 91396.5, 10, 3),
('P00013', 'C00001', 'S00008', '  MacBook Pro', 'CPU:  Intel Core i7 \r\n\r\n\r\nGraphics:AMD Radeon Pro 450 – 460 \r\n\r\n\r\nScreen: 15.4-inch Retina (2,880 x 1,800) LED-backlit IPS \r\n\r\n\r\nStorage: 256GB – 2TB PCIe SSD\r\n', '', 342590, 10, 3),
('P00014', 'C00001', 'S00009', 'Lenovo Yoga 910', 'CPU:  Intel Core i7 \r\n\r\n\r\nGraphics:Intel HD Graphics 620 \r\n\r\n\r\nScreen: 13.9-inch FHD 1,920 x 1,080 IPS multi-touch \r\n\r\n\r\nStorage: 512GB PCIe SSD\r\n', '', 182307, 10, 3),
('P00015', 'C00001', 'S00007', '  HP Chromebook 14', 'CPU:  1.83GHz Intel Celeron N2940 processor \r\n\r\n\r\nGraphics:Intel HD Graphics \r\n\r\n\r\nScreen: 14-inch 1,920 x 1,080 display \r\n\r\n\r\nStorage: 16GB eMMC\r\n', '', 32821, 10, 3),
('P00016', 'C00002', 'S00008', 'iPhone 7 Plus', 'Display Size: 5.5\"\r\n\r\n\r\nResolution:1080x1920 pixels\r\n\r\n\r\nPhoto: 12MP\r\n\r\n\r\nVideo: 2160p\r\n\r\n\r\nRAM: 3GB RAM\r\n\r\n\r\nChipset: Apple A10 Fusion\r\n\r\n\r\nBattery Capacity: 2900mAh\r\n\r\n\r\nTechnology: Li-Ion\r\n', '', 128018, 10, 3),
('P00017', 'C00002', 'S00004', 'Samsung Galaxy S7 edge', 'Display Size: 5.5\"\r\n\r\n\r\nResolution:1440x2560 pixels\r\n\r\n\r\nPhoto: 12MP\r\n\r\n\r\nVideo: 2160p\r\n\r\n\r\nRAM: 4GB RAM\r\n\r\n\r\nChipset: Snapdragon 820\r\n\r\n\r\nBattery Capacity: 3600mAh\r\n\r\n\r\nTechnology: Li-Ion\r\n', '', 83778.5, 10, 4),
('P00018', 'C00002', 'S00011', 'Google Pixel XL', 'Display Size: 5.5\"\r\n\r\n\r\nResolution:1440x2560 pixels\r\n\r\n\r\nPhoto: 12MP\r\n\r\n\r\nVideo: 2160p\r\n\r\n\r\nRAM: 4GB RAM\r\n\r\n\r\nChipset: Snapdragon 821\r\n\r\n\r\nBattery Capacity: 3450mAh\r\n\r\n\r\nTechnology: Li-Ion\r\n', '', 365421, 10, 3),
('P00019', 'C00002', 'S00008', 'Apple iPhone SE', 'Display Size: 4.0\"\r\n\r\n\r\nResolution:640x1136 pixels\r\n\r\n\r\nPhoto: 12MP\r\n\r\n\r\nVideo: 2160p\r\n\r\n\r\nRAM: 2GB RAM\r\n\r\n\r\nChipset: Apple A9\r\n\r\n\r\nBattery Capacity: 1624mAh\r\n\r\n\r\nTechnology: Li-Po\r\n', '', 80582.6, 10, 3),
('P00020', 'C00002', 'S00012', 'OnePlus 3T', 'Display Size: 5.5\"\r\n\r\n\r\nResolution:1080x1920 pixels\r\n\r\n\r\nPhoto: 16MP\r\n\r\n\r\nVideo: 2160p\r\n\r\n\r\nRAM: 6GB RAM\r\n\r\n\r\nChipset: Snapdragon 821\r\n\r\n\r\nBattery Capacity: 3400mAh\r\n\r\n\r\nTechnology: Li-Ion\r\n', '', 72966.1, 10, 4),
('P00021', 'C00002', 'S00013', 'Huawei Nexus 6P', 'Display Size: 5.7\"\r\n\r\n\r\nResolution:1440x2560 pixels\r\n\r\n\r\nPhoto: 12MP\r\n\r\n\r\nVideo: 2160p\r\n\r\n\r\nRAM: 3GB RAM\r\n\r\n\r\nChipset: Snapdragon 810\r\n\r\n\r\nBattery Capacity: 3450mAh\r\n\r\n\r\nTechnology: Li-Po\r\n', '', 97564.3, 10, 3),
('P00022', 'C00002', 'S00014', 'LG G5', 'Display Size: 5.3\"\r\n\r\n\r\nResolution:1440x2560 pixels\r\n\r\n\r\nPhoto: 16MP\r\n\r\n\r\nVideo: 2160p\r\n\r\n\r\nRAM: 4GB RAM\r\n\r\n\r\nChipset: Snapdragon 820\r\n\r\n\r\nBattery Capacity: 2800mAh\r\n\r\n\r\nTechnology: Li-Ion\r\n', '', 98862.2, 10, 4),
('P00023', 'C00002', 'S00015', 'HTC 10', 'Display Size: 5.2\"\r\n\r\n\r\nResolution:1440x2560 pixels\r\n\r\n\r\nPhoto: 12MP\r\n\r\n\r\nVideo: 2160p\r\n\r\n\r\nRAM: 4GB RAM\r\n\r\n\r\nChipset: Snapdragon 820\r\n\r\n\r\nBattery Capacity: 3000mAh\r\n\r\n\r\nTechnology: Li-Ion\r\n', '', 106629, 10, 3),
('P00024', 'C00002', 'S00013', 'Huawei Mate 9', 'Display Size: 5.9\"\r\n\r\n\r\nResolution:1080x1920 pixels\r\n\r\n\r\nPhoto: 20MP\r\n\r\n\r\nVideo: 2160p\r\n\r\n\r\nRAM: 4GB RAM\r\n\r\n\r\nChipset: Hisilicon Kirin 960\r\n\r\n\r\nBattery Capacity: 4000mAh\r\n\r\n\r\nTechnology: Li-Po\r\n', '', 91245.7, 10, 3),
('P00025', 'C00002', 'S00016', 'Sony Xperia Z5 Premium', 'Display Size: 5.5\"\r\n\r\n\r\nResolution:2160x3840 pixels\r\n\r\n\r\nPhoto: 23MP\r\n\r\n\r\nVideo: 2160p\r\n\r\n\r\nRAM: 3GB RAM\r\n\r\n\r\nChipset: Snapdragon 810\r\n\r\n\r\nBattery Capacity: 3430mAh\r\n\r\n\r\nTechnology: Li-Ion\r\n', '', 67786.9, 10, 3),
('P00026', 'C00002', 'S00017', 'Motorola Moto X Force', 'Display Size: 5.4\"\r\n\r\n\r\nResolution:1440x2560 pixels\r\n\r\n\r\nPhoto: 21MP\r\n\r\n\r\nVideo: 2160p\r\n\r\n\r\nRAM: 3GB RAM\r\n\r\n\r\nChipset: Snapdragon 810\r\n\r\n\r\nBattery Capacity: 3760mAh\r\n\r\n\r\nTechnology: Li-Ion\r\n', '', 45697.5, 10, 3),
('P00027', 'C00003', 'S00021', '  Eset smart security ', 'The two new products ESET Internet Security and ESET Smart Security Premium include many new features such as script-based attack protection, webcam protection, home network protection, password manager and secure data. Continue reading below for an overview of the new and improved features. \r\n', '', 1850, 10, 3),
('P00028', 'C00003', 'S00021', 'Topre Realforce RGB– keyboard ', 'The REALFORCE RGB includes high quality, double-shot sculpted keycaps to retain the premium feel, durability, and design. But what if you want more customization? REALFORCE RGB has you covered with MX stem compatibility so you can switch up your style with any 3rd party accessory keycaps.\r\n', '', 36.527, 10, 3),
('P00029', 'C00003', 'S00021', '  Logitech MX Anywhere– Mouse ', 'Darkfield™ laser tracking gives you flawless control on virtually any surface, including glass and high-gloss surfaces.\r\nThis wireless travel mouse performs anywhere you need it to—glass tables in your hotel room, shiny laminate tops, train and airplane tray tables, and even your jeans. Unlike traditional laser and optical mice which use irregularities on the surface to track mouse movements, Darkfield technology uses the smallest possible detail to create a micro-road map of the surface.\r\nIn tests, the mouse performed best on glass with a minimum thickness of 4mm.\r\n', '', 4489.55, 10, 3),
('P00030', 'C00003', 'S00021', 'Google Jam Board', 'The newest addition to G Suite, Jamboard merges the worlds of physical and digital creativity. It’s real time collaboration on a brilliant scale, whether your team is together in the conference room or spread all over the world.\r\n', '', 913, 10, 3),
('P00031', 'C00003', 'S00021', 'Hard Disk', 'Specifications \r\nModel Number ST3500630AS\r\nInterface SATA 3Gb/s\r\nCache 16MB\r\nCapacity 500GB\r\nGuaranteed Sectors 976,773,168', '', 35800, 10, 3),
('P00032', 'C00003', 'S00021', 'Video graphic Array (VGA)', 'Specifications \r\nModel Number ST3500630AS\r\nInterface SATA 3Gb/s\r\nCache 16MB\r\nCapacity 500GB\r\nGuaranteed Sectors 976,773,168', '', 35800, 10, 3),
('P00033', 'C00003', 'S00021', ' wireless Router ', '\r\nGigabit FTTH Router ONU WiFi Router with IPTV/VoIP/CATV/WiFi Onaccess 454wr', '', 5750, 10, 3),
('P00034', 'C00003', 'S00021', '  Logitech HDwebcam C170', 'Connect with everyone in Full HD 1080p on Skype, or in fluid HD 720p on FaceTime for Mac.Also make high-quality video calls with Google Hangouts™ and video-calling clients. Even chat with your Facebook® friends with video calling powered by Skype or Facebook Messenger.\r\n', '', 2400, 10, 3),
('P00035', 'C00003', 'S00021', '  EPSON M100 Printer', 'Epson\'s fast-drying genuine pigment ink ensures business documents are water, smudge and fade resistant, while Micro Piezo technology offers Epson-quality document printing. In addition, a 12-month (or 50,000-page) warranty, and additional service support, provide peace of mind and help if you need it.', '', 26, 10, 3),
('P00036', 'C00004', 'S00022', 'Portable Power Bank  ', 'B&H # XUBUBA26B MFR # BUB-A26B\r\nTOP HIGHLIGHTS\r\nUltra Compact Design\r\n2600 mAh Battery Capacity\r\nCompatible with USB Powered Devices\r\n', '', 699, 10, 3),
('P00037', 'C00004', 'S00022', 'Earphones for Samsung Phone ', 'Mini Wireless Bluetooth V4.1 Stereo Sound In - Ear Headphone with Mic for Tablet PC Smartphones  ', '', 200, 10, 3),
('P00038', 'C00004', 'S00022', ' Earbuds for Samsung ', 'Although on-ear and over-ear headphones are \'in\' right now, there\'s still a place for in-ear headphones, which offer much more portability and convenience. \r\n\r\nAfter all, it\'s incredibly easy to just throw a pair of earbuds into your pocket, rather than worrying about having to wear a pair of headphones around your neck or carrying them in a bag. ', '', 150, 10, 3),
('P00039', 'C00004', 'S00022', 'Mini earphone Wireless ', 'B&H # PARPTCM125K MFR # RP-TCM125-K\r\nErgoFit Design\r\nIn-Line Single Button Remote & Mic\r\niPhone, Blackberry, Palm Compatibility\r\nIncludes 3 Pairs of Earpads', '', 3100, 10, 3),
('P00040', 'C00004', 'S00022', 'New Android phone charger ', 'Ports 2A USB EU Plug Charging Mobile Phone Adapter Dock Wall Charger Cell for iPhone 7 6s 6 5s 4s ipad Android Samsung Charge', '', 2500, 10, 3),
('P00041', 'C00004', 'S00022', 'Samsung 3D Back Covers ', 'silicon,plastic,leather,metal,crystal,etc', '', 325, 10, 3),
('P00042', 'C00004', 'S00022', 'Jabra WirelessBluetoothHeadset', 'Jabra Sport Wireless + Bluetooth Headset \r\nIntegrated Mic for Taking Calls\r\nBuilt-In FM Radio\r\nRain, Shock, & Dust Resistant\r\n4 Hours of Talk Time', '', 755, 10, 3),
('P00043', 'C00004', 'S00022', ' Mobile Charger', 'Charger over voltage protection\r\nCharger over-current protection\r\nThe charging circuit protection\r\nBatteries as the overcharge protection\r\nBatteries discharge protection\r\nThe electric core over current protection\r\n', '', 595, 10, 3),
('P00044', 'C00004', 'S00022', 'Selfie Stick &Auxillary Cable ', 'Easy to use Easy to carry, adjustable Selfie stick monopod\r\nNo need to charge, no hassle of connecting through\r\nCampiatable with all smartphones & Iphone\r\nDisclaimer: Product may slightly change in photography or as per market availability but quality, pattern and purpose are fulfilled 100 percent', '', 799, 10, 3),
('P00045', 'C00004', 'S00022', 'Samsung 32GB MicroSDHC', 'Capacity: Customized\r\nMemory Card Application: Cell Phone\r\nSpeed Grade: Class 10\r\nNand Flash Chips: Original and Good Die(SLC, MLC, Tlc)\r\nTrademark: Digital Legend or OEM brands', '', 899, 10, 3);

-- --------------------------------------------------------

--
-- Table structure for table `shipper`
--

CREATE TABLE `shipper` (
  `ShipperID` varchar(10) NOT NULL,
  `ProductID` varchar(10) NOT NULL,
  `CompanyName` varchar(30) NOT NULL,
  `PhoneNo` int(10) NOT NULL
) ENGINE=InnoDB DEFAULT CHARSET=latin1;

--
-- Dumping data for table `shipper`
--

INSERT INTO `shipper` (`ShipperID`, `ProductID`, `CompanyName`, `PhoneNo`) VALUES
('Ship00001', 'P00001', 'Dell', 772569845),
('Ship00002', 'P00002', 'Asus', 725639853),
('Ship00003', 'P00003', 'Razer', 742369875),
('Ship00004', 'P00005', 'Samsung', 746987253),
('Ship00005', 'P00006', 'Acer', 785634789),
('Ship00006', 'P00008', 'Microsoft', 712369854),
('Ship00007', 'P00009', 'HP', 754214563),
('Ship00008', 'P00010', 'Apple', 775542545),
('Ship00009', 'P00014', 'Lenovo', 784562886),
('Ship00010', '', 'Toshiba', 778954210),
('Ship00011', 'P00018', 'Google', 754123952),
('Ship00012', 'P00020', 'OnePlus', 784562584),
('Ship00013', 'P00021', 'Huawei', 778456221),
('Ship00014', 'P00022', 'LG', 778523691),
('Ship00015', 'P00023', 'HTC', 723698741),
('Ship00016', 'P00025', 'Sony', 784126655),
('Ship00017', 'P00026', 'Motorola Moto', 712365588),
('Ship00018', '', 'Oppo', 725983694),
('Ship00019', '', 'Alcatel', 762584660),
('Ship00020', '', 'Micromax', 775698123),
('Ship00021', '', 'Digital Storm', 715683565),
('Ship00022', '', 'fone', 725694123),
('Ship00023', 'P00004', 'Asus', 786954223),
('Ship00024', 'P00011', 'Asus', 783698514),
('Ship00025', 'P00007', 'Samsung', 756932159),
('Ship00026', 'P00012', 'HP', 778549632),
('Ship00027', 'P00015', 'HP', 789563879),
('Ship00028', 'P00013', 'Apple', 769854723),
('Ship00029', '', 'Apple', 789654236),
('Ship00030', 'P00024', 'Huawei', 785694896),
('Ship00031', 'P00016', 'Apple', 789645889),
('Ship00032', 'P00017', 'Samsung', 112787875),
('Ship00033', 'P00019', 'Apple', 749856938),
('Ship00034', 'P00027', 'Digital Storm', 789632598),
('Ship00035', 'P00028', 'Digital Storm', 112785458),
('Ship00037', 'P00029', 'Digital Storm', 112857496),
('Ship00038', 'P00030', 'Digital Storm', 758574961),
('Ship00039', 'P00031', 'Digital Storm', 765432198),
('Ship00040', 'P00032', 'Digital Storm', 786554533),
('Ship00041', 'P00033', 'Digital Storm', 786540099),
('Ship00042', 'P00034', 'Digital Storm', 721234323),
('Ship00043', 'P00035', 'Digital Storm', 786532456),
('Ship00044', 'P00036', 'fone', 765849483),
('Ship00045', 'P00037', 'fone', 785462347),
('Ship00046', 'P00038', 'fone', 785443219),
('Ship00047', 'P00039', 'fone', 721345768),
('Ship00048', 'P00040', 'fone', 764532100),
('Ship00049', 'P00041', 'fone', 712347554),
('Ship00050', 'P00042', 'fone', 712340097),
('Ship00051', 'P00043', 'fone', 778434656),
('Ship00052', 'P00044', 'fone', 775443964),
('Ship00053', 'P00045', 'fone', 751236554);

-- --------------------------------------------------------

--
-- Table structure for table `shoppingcart`
--

CREATE TABLE `shoppingcart` (
  `CartID` varchar(10) NOT NULL,
  `NoOfProducts` int(10) NOT NULL,
  `UnitPrice` float NOT NULL,
  `TotalPrice` float NOT NULL
) ENGINE=InnoDB DEFAULT CHARSET=latin1;

-- --------------------------------------------------------

--
-- Table structure for table `supplier`
--

CREATE TABLE `supplier` (
  `SupplierID` varchar(10) NOT NULL,
  `ComapnyID` varchar(10) NOT NULL,
  `S_fname` varchar(30) NOT NULL,
  `S_lname` varchar(30) NOT NULL,
  `S_email` varchar(30) NOT NULL,
  `S_ContactNo` int(10) NOT NULL,
  `S_City` varchar(15) NOT NULL,
  `CompanyName` varchar(30) NOT NULL
) ENGINE=InnoDB DEFAULT CHARSET=latin1;

--
-- Dumping data for table `supplier`
--

INSERT INTO `supplier` (`SupplierID`, `ComapnyID`, `S_fname`, `S_lname`, `S_email`, `S_ContactNo`, `S_City`, `CompanyName`) VALUES
('SID00001', 'S00001', 'Amal', 'Perara', 'amal1@gmail.com', 452226783, 'Kandy', 'Dell'),
('SID00002', 'S00002', 'Bathiya', 'Jayakodi', 'bathi@gmail.com', 754512467, 'Malabe', 'Asus'),
('SID00003', 'S00003', 'Chamara', 'Weerasingha', 'cw1@gmail.com', 712376518, 'Kotte', 'Razer'),
('SID00004', 'S00004', 'Dasun', 'Disanayake', 'dasu@gmail.com', 761230975, 'Hambantota', 'Samsung'),
('SID00005', 'S00005', 'Erandi', 'Lakmali', 'mali@gmail.com', 781250445, 'Embilipitiya', 'Acer'),
('SID00006', 'S00006', 'Fathima', 'Abdul', 'fathima@gmail.com', 773455431, 'Matara', 'Microsoft'),
('SID00007', 'S00007', 'Gayani', 'Amarasingha', 'gayani@gmail.com', 770998888, 'Kurunagala', 'HP'),
('SID00008', 'S00008', 'Hashini', 'Rajapaksha', 'hashini@gmail.com', 771420998, 'Matara', 'Apple'),
('SID00009', 'S00009', 'Ishanka', 'Perara', 'Ishanka12@gmail.com', 784328936, 'Matara', 'Lenovo'),
('SID00010', 'S00010', 'Hashini', 'Weerakoon', 'Hashini.weerakoon@gmail.com', 753867320, 'Jaffna', 'Toshiba'),
('SID00011', 'S00011', 'Jayani', 'Subhasingha', 'Jayani345@gmail.com', 782937810, 'Bandarawela', 'Google'),
('SID00012', 'S00012', 'Kasun', 'Samarasingha', 'kasun123@gmail.com', 775678990, 'Kegalle', 'OnePlus'),
('SID00013', 'S00013', 'Lasith', 'Galapaththi', 'Lasith@gmail.com', 115644972, 'Badulla', 'Huawei'),
('SID00014', 'S00014', 'Mahesh', 'Weerasingha', 'Weerasingha@gmail.com', 476754891, 'Badulla', 'LG'),
('SID00015', 'S00015', 'Nalinda', 'Munasingha', 'Nalinda@gmail.com', 773857335, 'Chilaw', 'HTC'),
('SID00016', 'S00016', 'Dasun ', 'Gunasekara', 'Gunasekara1@gmail.com', 413458777, 'Matara', 'Sony'),
('SID00017', 'S00017', 'Palitha', 'Gunawardana', 'palitha@gmail.com', 771248099, 'Kelaniya', 'MotorolaMoto'),
('SID00018', 'S00018', 'Oshadi', 'Mallawa Arachchi', 'oshadi.Arachchi@gmail.com', 786540008, 'Nuwaraeliya', 'Oppo'),
('SID00019', 'S00019', 'Oshani', 'Samarasingha', 'Oshani34@gmail.com', 773210006, 'Embilipitiya', 'Alcatel'),
('SID00020', 'S00020', 'Lakshani', 'Weerathungha', 'Weerathungha99@gmail.com', 782343330, 'Ratnapura', 'Micromax'),
('SID00021', 'S00021', 'Thisara', 'Weeragoda', 'Thisara@gmail.com', 721476566, 'Galle', 'Digital Storm'),
('SID00022', 'S00022', 'Saduni', 'Rajapaksha', 'Saduni.r@gmail.com', 778905555, 'Ratnapura', 'fone');

--
-- Indexes for dumped tables
--

--
-- Indexes for table `admin`
--
ALTER TABLE `admin`
  ADD PRIMARY KEY (`AdminID`);

--
-- Indexes for table `billinginfo`
--
ALTER TABLE `billinginfo`
  ADD PRIMARY KEY (`BillingID`);

--
-- Indexes for table `category`
--
ALTER TABLE `category`
  ADD PRIMARY KEY (`CategoryID`);

--
-- Indexes for table `customer`
--
ALTER TABLE `customer`
  ADD PRIMARY KEY (`CustomerID`);

--
-- Indexes for table `orders`
--
ALTER TABLE `orders`
  ADD PRIMARY KEY (`OrderID`);

--
-- Indexes for table `product`
--
ALTER TABLE `product`
  ADD PRIMARY KEY (`ProductID`);

--
-- Indexes for table `shipper`
--
ALTER TABLE `shipper`
  ADD PRIMARY KEY (`ShipperID`);

--
-- Indexes for table `shoppingcart`
--
ALTER TABLE `shoppingcart`
  ADD PRIMARY KEY (`CartID`);

--
-- Indexes for table `supplier`
--
ALTER TABLE `supplier`
  ADD PRIMARY KEY (`SupplierID`);

/*!40101 SET CHARACTER_SET_CLIENT=@OLD_CHARACTER_SET_CLIENT */;
/*!40101 SET CHARACTER_SET_RESULTS=@OLD_CHARACTER_SET_RESULTS */;
/*!40101 SET COLLATION_CONNECTION=@OLD_COLLATION_CONNECTION */;
